Workbook

Sheet Hoja1
A1: NET | B1: 0DTE | C1: NEXT_FRIDAY | D1: NEXT_OPEX | E1: GEX-VOL | F1: =+[1]Sheet1!$AD$2 -> 630.49396 | H1: =+B2 -> 251110 | I1: =+H1 -> 251110 | J1: =+C2 -> 251114 | K1: =+J1 -> 251114 | L1: =+D2 -> 251121 | M1: =+L1 -> 251121 | N1: =+A3 -> 672.36 | P1: =+H1 -> 251110 | R1: =+J1 -> 251114 | T1: =+L1 -> 251121 | U1: =+N1 -> 672.36 | W1: =MAX(W4:W38) -> 213626
A2: SPY | B2: =+TEXT(B42,"YYMMDD") -> 251110 | C2: =+TEXT(C42,"YYMMDD") -> 251114 | D2: =+TEXT(D42,"YYMMDD") -> 251121 | F2: /ES:XCME | H2: OPEN_INT | I2: OPEN_INT | J2: OPEN_INT | K2: OPEN_INT | L2: OPEN_INT | M2: OPEN_INT | N2: NET OI | P2: VOLUME | Q2: =+P2 -> VOLUME | R2: VOLUME | S2: VOLUME | T2: VOLUME | U2: VOLUME | W2: NET VOL
A3: =+A40 -> 672.36 | B3: =+H3/I3 -> -0.95509487 | C3: =+J3/K3 -> -0.59722692 | D3: =+L3/M3 -> -0.66167469 | E3: 0 | F3: =RTD("tos.rtd", ,"MARK", F2) -> 6765 | H3: =SUM(H4:H38) -> 82099 | I3: =SUM(I4:I38) -> -85959 | J3: =SUM(J4:J38) -> 75852 | K3: =SUM(K4:K38) -> -127007 | L3: =SUM(L4:L38) -> 211325 | M3: =SUM(M4:M38) -> -319379 | N3: =SUM(N4:N38) -> -163069 | O3: 0 | P3: =SUM(P4:P38) -> 791834 | Q3: =SUM(Q4:Q38) -> -701778 | R3: =SUM(R4:R38) -> 241878 | S3: =SUM(S4:S38) -> -167850 | T3: =SUM(T4:T38) -> 117466 | U3: =SUM(U4:U38) -> -126387 | W3: =SUM(W4:W38) -> 359278
A4: =ROUND(A3/$A$39,0)*$A$39+17*$A$39 -> 689 | B4: =+IF($A$1="ABS",H4-I4,H4+I4) -> 1990 | C4: =+IF($A$1="ABS",J4-K4,J4+K4) -> 409 | D4: =+IF($A$1="ABS",L4-M4,L4+M4) -> 1237 | E4: =SUM(B4:D4) -> 3636 | F4: =+$F$3/$A$3*A4 -> 6932.4246 | H4: =IF(RTD("tos.rtd",,H$2,"."&$A$2&$H$1&"C"&$A4)="N/A",0,RTD("tos.rtd",,H$2,"."&$A$2&$H$1&"C"&$A4)) -> 1997 | I4: =-IF(RTD("tos.rtd",,I$2,"."&$A$2&$H$1&"P"&$A4)="N/A",0,RTD("tos.rtd",,I$2,"."&$A$2&$H$1&"P"&$A4)) -> -7 | J4: =IF(RTD("tos.rtd",,J$2,"."&$A$2&$J$1&"C"&$A4)="N/A",0,RTD("tos.rtd",,J$2,"."&$A$2&$J$1&"C"&$A4)) -> 1589 | K4: =-IF(RTD("tos.rtd",,K$2,"."&$A$2&$J$1&"P"&$A4)="N/A",0,RTD("tos.rtd",,K$2,"."&$A$2&$J$1&"P"&$A4)) -> -1180 | L4: =IF(RTD("tos.rtd",,L$2,"."&$A$2&$L$1&"C"&$A4)="N/A",0,RTD("tos.rtd",,L$2,"."&$A$2&$L$1&"C"&$A4)) -> 2324 | M4: =-IF(RTD("tos.rtd",,M$2,"."&$A$2&$L$1&"P"&$A4)="N/A",0,RTD("tos.rtd",,M$2,"."&$A$2&$L$1&"P"&$A4)) -> -1087 | N4: =SUM(H4:M4) -> 3636 | O4: =+A4 -> 689 | P4: =IF(RTD("tos.rtd",,P$2,"."&$A$2&$H$1&"C"&$A4)="N/A",0,RTD("tos.rtd",,P$2,"."&$A$2&$H$1&"C"&$A4)) -> 593 | Q4: =-IF(RTD("tos.rtd",,Q$2,"."&$A$2&$H$1&"P"&$A4)="N/A",0,RTD("tos.rtd",,Q$2,"."&$A$2&$H$1&"P"&$A4)) -> -44 | R4: =IF(RTD("tos.rtd",,R$2,"."&$A$2&$J$1&"C"&$A4)="N/A",0,RTD("tos.rtd",,R$2,"."&$A$2&$J$1&"C"&$A4)) -> 1371 | S4: =-IF(RTD("tos.rtd",,S$2,"."&$A$2&$J$1&"P"&$A4)="N/A",0,RTD("tos.rtd",,S$2,"."&$A$2&$J$1&"P"&$A4)) -> -89 | T4: =IF(RTD("tos.rtd",,T$2,"."&$A$2&$L$1&"C"&$A4)="N/A",0,RTD("tos.rtd",,T$2,"."&$A$2&$L$1&"C"&$A4)) -> 1140 | U4: =-IF(RTD("tos.rtd",,U$2,"."&$A$2&$L$1&"P"&$A4)="N/A",0,RTD("tos.rtd",,U$2,"."&$A$2&$L$1&"P"&$A4)) -> -73 | V4: =+Hoja2!Y5 -> 3001 | W4: =SUM(P4:V4) -> 5899
A5: =+A4-$A$39 -> 688 | B5: =+IF($A$1="ABS",H5-I5,H5+I5) -> 4243 | C5: =+IF($A$1="ABS",J5-K5,J5+K5) -> 1741 | D5: =+IF($A$1="ABS",L5-M5,L5+M5) -> 3601 | E5: =SUM(B5:D5) -> 9585 | F5: =+$F$3/$A$3*A5 -> 6922.363 | H5: =IF(RTD("tos.rtd",,H$2,"."&$A$2&$H$1&"C"&$A5)="N/A",0,RTD("tos.rtd",,H$2,"."&$A$2&$H$1&"C"&$A5)) -> 4258 | I5: =-IF(RTD("tos.rtd",,I$2,"."&$A$2&$H$1&"P"&$A5)="N/A",0,RTD("tos.rtd",,I$2,"."&$A$2&$H$1&"P"&$A5)) -> -15 | J5: =IF(RTD("tos.rtd",,J$2,"."&$A$2&$J$1&"C"&$A5)="N/A",0,RTD("tos.rtd",,J$2,"."&$A$2&$J$1&"C"&$A5)) -> 3007 | K5: =-IF(RTD("tos.rtd",,K$2,"."&$A$2&$J$1&"P"&$A5)="N/A",0,RTD("tos.rtd",,K$2,"."&$A$2&$J$1&"P"&$A5)) -> -1266 | L5: =IF(RTD("tos.rtd",,L$2,"."&$A$2&$L$1&"C"&$A5)="N/A",0,RTD("tos.rtd",,L$2,"."&$A$2&$L$1&"C"&$A5)) -> 6256 | M5: =-IF(RTD("tos.rtd",,M$2,"."&$A$2&$L$1&"P"&$A5)="N/A",0,RTD("tos.rtd",,M$2,"."&$A$2&$L$1&"P"&$A5)) -> -2655 | N5: =SUM(H5:M5) -> 9585 | O5: =+A5 -> 688 | P5: =IF(RTD("tos.rtd",,P$2,"."&$A$2&$H$1&"C"&$A5)="N/A",0,RTD("tos.rtd",,P$2,"."&$A$2&$H$1&"C"&$A5)) -> 2525 | Q5: =-IF(RTD("tos.rtd",,Q$2,"."&$A$2&$H$1&"P"&$A5)="N/A",0,RTD("tos.rtd",,Q$2,"."&$A$2&$H$1&"P"&$A5)) -> -309 | R5: =IF(RTD("tos.rtd",,R$2,"."&$A$2&$J$1&"C"&$A5)="N/A",0,RTD("tos.rtd",,R$2,"."&$A$2&$J$1&"C"&$A5)) -> 2552 | S5: =-IF(RTD("tos.rtd",,S$2,"."&$A$2&$J$1&"P"&$A5)="N/A",0,RTD("tos.rtd",,S$2,"."&$A$2&$J$1&"P"&$A5)) -> -19 | T5: =IF(RTD("tos.rtd",,T$2,"."&$A$2&$L$1&"C"&$A5)="N/A",0,RTD("tos.rtd",,T$2,"."&$A$2&$L$1&"C"&$A5)) -> 3042 | U5: =-IF(RTD("tos.rtd",,U$2,"."&$A$2&$L$1&"P"&$A5)="N/A",0,RTD("tos.rtd",,U$2,"."&$A$2&$L$1&"P"&$A5)) -> -270 | V5: =+Hoja2!Y6 -> 4683 | W5: =SUM(P5:V5) -> 12204
A6: =+A5-$A$39 -> 687 | B6: =+IF($A$1="ABS",H6-I6,H6+I6) -> 1390 | C6: =+IF($A$1="ABS",J6-K6,J6+K6) -> 4747 | D6: =+IF($A$1="ABS",L6-M6,L6+M6) -> 37 | E6: =SUM(B6:D6) -> 6174 | F6: =+$F$3/$A$3*A6 -> 6912.3014 | H6: =IF(RTD("tos.rtd",,H$2,"."&$A$2&$H$1&"C"&$A6)="N/A",0,RTD("tos.rtd",,H$2,"."&$A$2&$H$1&"C"&$A6)) -> 1391 | I6: =-IF(RTD("tos.rtd",,I$2,"."&$A$2&$H$1&"P"&$A6)="N/A",0,RTD("tos.rtd",,I$2,"."&$A$2&$H$1&"P"&$A6)) -> -1 | J6: =IF(RTD("tos.rtd",,J$2,"."&$A$2&$J$1&"C"&$A6)="N/A",0,RTD("tos.rtd",,J$2,"."&$A$2&$J$1&"C"&$A6)) -> 5771 | K6: =-IF(RTD("tos.rtd",,K$2,"."&$A$2&$J$1&"P"&$A6)="N/A",0,RTD("tos.rtd",,K$2,"."&$A$2&$J$1&"P"&$A6)) -> -1024 | L6: =IF(RTD("tos.rtd",,L$2,"."&$A$2&$L$1&"C"&$A6)="N/A",0,RTD("tos.rtd",,L$2,"."&$A$2&$L$1&"C"&$A6)) -> 1834 | M6: =-IF(RTD("tos.rtd",,M$2,"."&$A$2&$L$1&"P"&$A6)="N/A",0,RTD("tos.rtd",,M$2,"."&$A$2&$L$1&"P"&$A6)) -> -1797 | N6: =SUM(H6:M6) -> 6174 | O6: =+A6 -> 687 | P6: =IF(RTD("tos.rtd",,P$2,"."&$A$2&$H$1&"C"&$A6)="N/A",0,RTD("tos.rtd",,P$2,"."&$A$2&$H$1&"C"&$A6)) -> 1915 | Q6: =-IF(RTD("tos.rtd",,Q$2,"."&$A$2&$H$1&"P"&$A6)="N/A",0,RTD("tos.rtd",,Q$2,"."&$A$2&$H$1&"P"&$A6)) -> -51 | R6: =IF(RTD("tos.rtd",,R$2,"."&$A$2&$J$1&"C"&$A6)="N/A",0,RTD("tos.rtd",,R$2,"."&$A$2&$J$1&"C"&$A6)) -> 3790 | S6: =-IF(RTD("tos.rtd",,S$2,"."&$A$2&$J$1&"P"&$A6)="N/A",0,RTD("tos.rtd",,S$2,"."&$A$2&$J$1&"P"&$A6)) -> -170 | T6: =IF(RTD("tos.rtd",,T$2,"."&$A$2&$L$1&"C"&$A6)="N/A",0,RTD("tos.rtd",,T$2,"."&$A$2&$L$1&"C"&$A6)) -> 1448 | U6: =-IF(RTD("tos.rtd",,U$2,"."&$A$2&$L$1&"P"&$A6)="N/A",0,RTD("tos.rtd",,U$2,"."&$A$2&$L$1&"P"&$A6)) -> -32 | V6: =+Hoja2!Y7 -> 4548 | W6: =SUM(P6:V6) -> 11448
A7: =+A6-$A$39 -> 686 | B7: =+IF($A$1="ABS",H7-I7,H7+I7) -> 4021 | C7: =+IF($A$1="ABS",J7-K7,J7+K7) -> 1282 | D7: =+IF($A$1="ABS",L7-M7,L7+M7) -> 2671 | E7: =SUM(B7:D7) -> 7974 | F7: =+$F$3/$A$3*A7 -> 6902.2399 | H7: =IF(RTD("tos.rtd",,H$2,"."&$A$2&$H$1&"C"&$A7)="N/A",0,RTD("tos.rtd",,H$2,"."&$A$2&$H$1&"C"&$A7)) -> 4066 | I7: =-IF(RTD("tos.rtd",,I$2,"."&$A$2&$H$1&"P"&$A7)="N/A",0,RTD("tos.rtd",,I$2,"."&$A$2&$H$1&"P"&$A7)) -> -45 | J7: =IF(RTD("tos.rtd",,J$2,"."&$A$2&$J$1&"C"&$A7)="N/A",0,RTD("tos.rtd",,J$2,"."&$A$2&$J$1&"C"&$A7)) -> 2277 | K7: =-IF(RTD("tos.rtd",,K$2,"."&$A$2&$J$1&"P"&$A7)="N/A",0,RTD("tos.rtd",,K$2,"."&$A$2&$J$1&"P"&$A7)) -> -995 | L7: =IF(RTD("tos.rtd",,L$2,"."&$A$2&$L$1&"C"&$A7)="N/A",0,RTD("tos.rtd",,L$2,"."&$A$2&$L$1&"C"&$A7)) -> 5024 | M7: =-IF(RTD("tos.rtd",,M$2,"."&$A$2&$L$1&"P"&$A7)="N/A",0,RTD("tos.rtd",,M$2,"."&$A$2&$L$1&"P"&$A7)) -> -2353 | N7: =SUM(H7:M7) -> 7974 | O7: =+A7 -> 686 | P7: =IF(RTD("tos.rtd",,P$2,"."&$A$2&$H$1&"C"&$A7)="N/A",0,RTD("tos.rtd",,P$2,"."&$A$2&$H$1&"C"&$A7)) -> 3715 | Q7: =-IF(RTD("tos.rtd",,Q$2,"."&$A$2&$H$1&"P"&$A7)="N/A",0,RTD("tos.rtd",,Q$2,"."&$A$2&$H$1&"P"&$A7)) -> -759 | R7: =IF(RTD("tos.rtd",,R$2,"."&$A$2&$J$1&"C"&$A7)="N/A",0,RTD("tos.rtd",,R$2,"."&$A$2&$J$1&"C"&$A7)) -> 4475 | S7: =-IF(RTD("tos.rtd",,S$2,"."&$A$2&$J$1&"P"&$A7)="N/A",0,RTD("tos.rtd",,S$2,"."&$A$2&$J$1&"P"&$A7)) -> -239 | T7: =IF(RTD("tos.rtd",,T$2,"."&$A$2&$L$1&"C"&$A7)="N/A",0,RTD("tos.rtd",,T$2,"."&$A$2&$L$1&"C"&$A7)) -> 1800 | U7: =-IF(RTD("tos.rtd",,U$2,"."&$A$2&$L$1&"P"&$A7)="N/A",0,RTD("tos.rtd",,U$2,"."&$A$2&$L$1&"P"&$A7)) -> -84 | V7: =+Hoja2!Y8 -> 9798 | W7: =SUM(P7:V7) -> 18706
A8: =+A7-$A$39 -> 685 | B8: =+IF($A$1="ABS",H8-I8,H8+I8) -> 9403 | C8: =+IF($A$1="ABS",J8-K8,J8+K8) -> 2019 | D8: =+IF($A$1="ABS",L8-M8,L8+M8) -> 10553 | E8: =SUM(B8:D8) -> 21975 | F8: =+$F$3/$A$3*A8 -> 6892.1783 | H8: =IF(RTD("tos.rtd",,H$2,"."&$A$2&$H$1&"C"&$A8)="N/A",0,RTD("tos.rtd",,H$2,"."&$A$2&$H$1&"C"&$A8)) -> 9523 | I8: =-IF(RTD("tos.rtd",,I$2,"."&$A$2&$H$1&"P"&$A8)="N/A",0,RTD("tos.rtd",,I$2,"."&$A$2&$H$1&"P"&$A8)) -> -120 | J8: =IF(RTD("tos.rtd",,J$2,"."&$A$2&$J$1&"C"&$A8)="N/A",0,RTD("tos.rtd",,J$2,"."&$A$2&$J$1&"C"&$A8)) -> 9060 | K8: =-IF(RTD("tos.rtd",,K$2,"."&$A$2&$J$1&"P"&$A8)="N/A",0,RTD("tos.rtd",,K$2,"."&$A$2&$J$1&"P"&$A8)) -> -7041 | L8: =IF(RTD("tos.rtd",,L$2,"."&$A$2&$L$1&"C"&$A8)="N/A",0,RTD("tos.rtd",,L$2,"."&$A$2&$L$1&"C"&$A8)) -> 16785 | M8: =-IF(RTD("tos.rtd",,M$2,"."&$A$2&$L$1&"P"&$A8)="N/A",0,RTD("tos.rtd",,M$2,"."&$A$2&$L$1&"P"&$A8)) -> -6232 | N8: =SUM(H8:M8) -> 21975 | O8: =+A8 -> 685 | P8: =IF(RTD("tos.rtd",,P$2,"."&$A$2&$H$1&"C"&$A8)="N/A",0,RTD("tos.rtd",,P$2,"."&$A$2&$H$1&"C"&$A8)) -> 9694 | Q8: =-IF(RTD("tos.rtd",,Q$2,"."&$A$2&$H$1&"P"&$A8)="N/A",0,RTD("tos.rtd",,Q$2,"."&$A$2&$H$1&"P"&$A8)) -> -640 | R8: =IF(RTD("tos.rtd",,R$2,"."&$A$2&$J$1&"C"&$A8)="N/A",0,RTD("tos.rtd",,R$2,"."&$A$2&$J$1&"C"&$A8)) -> 9166 | S8: =-IF(RTD("tos.rtd",,S$2,"."&$A$2&$J$1&"P"&$A8)="N/A",0,RTD("tos.rtd",,S$2,"."&$A$2&$J$1&"P"&$A8)) -> -383 | T8: =IF(RTD("tos.rtd",,T$2,"."&$A$2&$L$1&"C"&$A8)="N/A",0,RTD("tos.rtd",,T$2,"."&$A$2&$L$1&"C"&$A8)) -> 12720 | U8: =-IF(RTD("tos.rtd",,U$2,"."&$A$2&$L$1&"P"&$A8)="N/A",0,RTD("tos.rtd",,U$2,"."&$A$2&$L$1&"P"&$A8)) -> -489 | V8: =+Hoja2!Y9 -> 25311 | W8: =SUM(P8:V8) -> 55379
A9: =+A8-$A$39 -> 684 | B9: =+IF($A$1="ABS",H9-I9,H9+I9) -> 2805 | C9: =+IF($A$1="ABS",J9-K9,J9+K9) -> 2060 | D9: =+IF($A$1="ABS",L9-M9,L9+M9) -> 1486 | E9: =SUM(B9:D9) -> 6351 | F9: =+$F$3/$A$3*A9 -> 6882.1167 | H9: =IF(RTD("tos.rtd",,H$2,"."&$A$2&$H$1&"C"&$A9)="N/A",0,RTD("tos.rtd",,H$2,"."&$A$2&$H$1&"C"&$A9)) -> 2863 | I9: =-IF(RTD("tos.rtd",,I$2,"."&$A$2&$H$1&"P"&$A9)="N/A",0,RTD("tos.rtd",,I$2,"."&$A$2&$H$1&"P"&$A9)) -> -58 | J9: =IF(RTD("tos.rtd",,J$2,"."&$A$2&$J$1&"C"&$A9)="N/A",0,RTD("tos.rtd",,J$2,"."&$A$2&$J$1&"C"&$A9)) -> 3097 | K9: =-IF(RTD("tos.rtd",,K$2,"."&$A$2&$J$1&"P"&$A9)="N/A",0,RTD("tos.rtd",,K$2,"."&$A$2&$J$1&"P"&$A9)) -> -1037 | L9: =IF(RTD("tos.rtd",,L$2,"."&$A$2&$L$1&"C"&$A9)="N/A",0,RTD("tos.rtd",,L$2,"."&$A$2&$L$1&"C"&$A9)) -> 3826 | M9: =-IF(RTD("tos.rtd",,M$2,"."&$A$2&$L$1&"P"&$A9)="N/A",0,RTD("tos.rtd",,M$2,"."&$A$2&$L$1&"P"&$A9)) -> -2340 | N9: =SUM(H9:M9) -> 6351 | O9: =+A9 -> 684 | P9: =IF(RTD("tos.rtd",,P$2,"."&$A$2&$H$1&"C"&$A9)="N/A",0,RTD("tos.rtd",,P$2,"."&$A$2&$H$1&"C"&$A9)) -> 4102 | Q9: =-IF(RTD("tos.rtd",,Q$2,"."&$A$2&$H$1&"P"&$A9)="N/A",0,RTD("tos.rtd",,Q$2,"."&$A$2&$H$1&"P"&$A9)) -> -27 | R9: =IF(RTD("tos.rtd",,R$2,"."&$A$2&$J$1&"C"&$A9)="N/A",0,RTD("tos.rtd",,R$2,"."&$A$2&$J$1&"C"&$A9)) -> 2394 | S9: =-IF(RTD("tos.rtd",,S$2,"."&$A$2&$J$1&"P"&$A9)="N/A",0,RTD("tos.rtd",,S$2,"."&$A$2&$J$1&"P"&$A9)) -> -501 | T9: =IF(RTD("tos.rtd",,T$2,"."&$A$2&$L$1&"C"&$A9)="N/A",0,RTD("tos.rtd",,T$2,"."&$A$2&$L$1&"C"&$A9)) -> 1539 | U9: =-IF(RTD("tos.rtd",,U$2,"."&$A$2&$L$1&"P"&$A9)="N/A",0,RTD("tos.rtd",,U$2,"."&$A$2&$L$1&"P"&$A9)) -> -60 | V9: =+Hoja2!Y10 -> 8593 | W9: =SUM(P9:V9) -> 16040
A10: =+A9-$A$39 -> 683 | B10: =+IF($A$1="ABS",H10-I10,H10+I10) -> 1812 | C10: =+IF($A$1="ABS",J10-K10,J10+K10) -> 1035 | D10: =+IF($A$1="ABS",L10-M10,L10+M10) -> -305 | E10: =SUM(B10:D10) -> 2542 | F10: =+$F$3/$A$3*A10 -> 6872.0551 | H10: =IF(RTD("tos.rtd",,H$2,"."&$A$2&$H$1&"C"&$A10)="N/A",0,RTD("tos.rtd",,H$2,"."&$A$2&$H$1&"C"&$A10)) -> 2091 | I10: =-IF(RTD("tos.rtd",,I$2,"."&$A$2&$H$1&"P"&$A10)="N/A",0,RTD("tos.rtd",,I$2,"."&$A$2&$H$1&"P"&$A10)) -> -279 | J10: =IF(RTD("tos.rtd",,J$2,"."&$A$2&$J$1&"C"&$A10)="N/A",0,RTD("tos.rtd",,J$2,"."&$A$2&$J$1&"C"&$A10)) -> 1898 | K10: =-IF(RTD("tos.rtd",,K$2,"."&$A$2&$J$1&"P"&$A10)="N/A",0,RTD("tos.rtd",,K$2,"."&$A$2&$J$1&"P"&$A10)) -> -863 | L10: =IF(RTD("tos.rtd",,L$2,"."&$A$2&$L$1&"C"&$A10)="N/A",0,RTD("tos.rtd",,L$2,"."&$A$2&$L$1&"C"&$A10)) -> 4181 | M10: =-IF(RTD("tos.rtd",,M$2,"."&$A$2&$L$1&"P"&$A10)="N/A",0,RTD("tos.rtd",,M$2,"."&$A$2&$L$1&"P"&$A10)) -> -4486 | N10: =SUM(H10:M10) -> 2542 | O10: =+A10 -> 683 | P10: =IF(RTD("tos.rtd",,P$2,"."&$A$2&$H$1&"C"&$A10)="N/A",0,RTD("tos.rtd",,P$2,"."&$A$2&$H$1&"C"&$A10)) -> 5745 | Q10: =-IF(RTD("tos.rtd",,Q$2,"."&$A$2&$H$1&"P"&$A10)="N/A",0,RTD("tos.rtd",,Q$2,"."&$A$2&$H$1&"P"&$A10)) -> -115 | R10: =IF(RTD("tos.rtd",,R$2,"."&$A$2&$J$1&"C"&$A10)="N/A",0,RTD("tos.rtd",,R$2,"."&$A$2&$J$1&"C"&$A10)) -> 2136 | S10: =-IF(RTD("tos.rtd",,S$2,"."&$A$2&$J$1&"P"&$A10)="N/A",0,RTD("tos.rtd",,S$2,"."&$A$2&$J$1&"P"&$A10)) -> -66 | T10: =IF(RTD("tos.rtd",,T$2,"."&$A$2&$L$1&"C"&$A10)="N/A",0,RTD("tos.rtd",,T$2,"."&$A$2&$L$1&"C"&$A10)) -> 1765 | U10: =-IF(RTD("tos.rtd",,U$2,"."&$A$2&$L$1&"P"&$A10)="N/A",0,RTD("tos.rtd",,U$2,"."&$A$2&$L$1&"P"&$A10)) -> -114 | V10: =+Hoja2!Y11 -> 18266 | W10: =SUM(P10:V10) -> 27617
A11: =+A10-$A$39 -> 682 | B11: =+IF($A$1="ABS",H11-I11,H11+I11) -> 6639 | C11: =+IF($A$1="ABS",J11-K11,J11+K11) -> 710 | D11: =+IF($A$1="ABS",L11-M11,L11+M11) -> 426 | E11: =SUM(B11:D11) -> 7775 | F11: =+$F$3/$A$3*A11 -> 6861.9936 | H11: =IF(RTD("tos.rtd",,H$2,"."&$A$2&$H$1&"C"&$A11)="N/A",0,RTD("tos.rtd",,H$2,"."&$A$2&$H$1&"C"&$A11)) -> 7117 | I11: =-IF(RTD("tos.rtd",,I$2,"."&$A$2&$H$1&"P"&$A11)="N/A",0,RTD("tos.rtd",,I$2,"."&$A$2&$H$1&"P"&$A11)) -> -478 | J11: =IF(RTD("tos.rtd",,J$2,"."&$A$2&$J$1&"C"&$A11)="N/A",0,RTD("tos.rtd",,J$2,"."&$A$2&$J$1&"C"&$A11)) -> 2069 | K11: =-IF(RTD("tos.rtd",,K$2,"."&$A$2&$J$1&"P"&$A11)="N/A",0,RTD("tos.rtd",,K$2,"."&$A$2&$J$1&"P"&$A11)) -> -1359 | L11: =IF(RTD("tos.rtd",,L$2,"."&$A$2&$L$1&"C"&$A11)="N/A",0,RTD("tos.rtd",,L$2,"."&$A$2&$L$1&"C"&$A11)) -> 4965 | M11: =-IF(RTD("tos.rtd",,M$2,"."&$A$2&$L$1&"P"&$A11)="N/A",0,RTD("tos.rtd",,M$2,"."&$A$2&$L$1&"P"&$A11)) -> -4539 | N11: =SUM(H11:M11) -> 7775 | O11: =+A11 -> 682 | P11: =IF(RTD("tos.rtd",,P$2,"."&$A$2&$H$1&"C"&$A11)="N/A",0,RTD("tos.rtd",,P$2,"."&$A$2&$H$1&"C"&$A11)) -> 12001 | Q11: =-IF(RTD("tos.rtd",,Q$2,"."&$A$2&$H$1&"P"&$A11)="N/A",0,RTD("tos.rtd",,Q$2,"."&$A$2&$H$1&"P"&$A11)) -> -81 | R11: =IF(RTD("tos.rtd",,R$2,"."&$A$2&$J$1&"C"&$A11)="N/A",0,RTD("tos.rtd",,R$2,"."&$A$2&$J$1&"C"&$A11)) -> 4763 | S11: =-IF(RTD("tos.rtd",,S$2,"."&$A$2&$J$1&"P"&$A11)="N/A",0,RTD("tos.rtd",,S$2,"."&$A$2&$J$1&"P"&$A11)) -> -331 | T11: =IF(RTD("tos.rtd",,T$2,"."&$A$2&$L$1&"C"&$A11)="N/A",0,RTD("tos.rtd",,T$2,"."&$A$2&$L$1&"C"&$A11)) -> 1613 | U11: =-IF(RTD("tos.rtd",,U$2,"."&$A$2&$L$1&"P"&$A11)="N/A",0,RTD("tos.rtd",,U$2,"."&$A$2&$L$1&"P"&$A11)) -> -450 | V11: =+Hoja2!Y12 -> 21300 | W11: =SUM(P11:V11) -> 38815
A12: =+A11-$A$39 -> 681 | B12: =+IF($A$1="ABS",H12-I12,H12+I12) -> 2291 | C12: =+IF($A$1="ABS",J12-K12,J12+K12) -> 1033 | D12: =+IF($A$1="ABS",L12-M12,L12+M12) -> 1902 | E12: =SUM(B12:D12) -> 5226 | F12: =+$F$3/$A$3*A12 -> 6851.932 | H12: =IF(RTD("tos.rtd",,H$2,"."&$A$2&$H$1&"C"&$A12)="N/A",0,RTD("tos.rtd",,H$2,"."&$A$2&$H$1&"C"&$A12)) -> 2884 | I12: =-IF(RTD("tos.rtd",,I$2,"."&$A$2&$H$1&"P"&$A12)="N/A",0,RTD("tos.rtd",,I$2,"."&$A$2&$H$1&"P"&$A12)) -> -593 | J12: =IF(RTD("tos.rtd",,J$2,"."&$A$2&$J$1&"C"&$A12)="N/A",0,RTD("tos.rtd",,J$2,"."&$A$2&$J$1&"C"&$A12)) -> 1720 | K12: =-IF(RTD("tos.rtd",,K$2,"."&$A$2&$J$1&"P"&$A12)="N/A",0,RTD("tos.rtd",,K$2,"."&$A$2&$J$1&"P"&$A12)) -> -687 | L12: =IF(RTD("tos.rtd",,L$2,"."&$A$2&$L$1&"C"&$A12)="N/A",0,RTD("tos.rtd",,L$2,"."&$A$2&$L$1&"C"&$A12)) -> 3779 | M12: =-IF(RTD("tos.rtd",,M$2,"."&$A$2&$L$1&"P"&$A12)="N/A",0,RTD("tos.rtd",,M$2,"."&$A$2&$L$1&"P"&$A12)) -> -1877 | N12: =SUM(H12:M12) -> 5226 | O12: =+A12 -> 681 | P12: =IF(RTD("tos.rtd",,P$2,"."&$A$2&$H$1&"C"&$A12)="N/A",0,RTD("tos.rtd",,P$2,"."&$A$2&$H$1&"C"&$A12)) -> 15662 | Q12: =-IF(RTD("tos.rtd",,Q$2,"."&$A$2&$H$1&"P"&$A12)="N/A",0,RTD("tos.rtd",,Q$2,"."&$A$2&$H$1&"P"&$A12)) -> -220 | R12: =IF(RTD("tos.rtd",,R$2,"."&$A$2&$J$1&"C"&$A12)="N/A",0,RTD("tos.rtd",,R$2,"."&$A$2&$J$1&"C"&$A12)) -> 3335 | S12: =-IF(RTD("tos.rtd",,S$2,"."&$A$2&$J$1&"P"&$A12)="N/A",0,RTD("tos.rtd",,S$2,"."&$A$2&$J$1&"P"&$A12)) -> -219 | T12: =IF(RTD("tos.rtd",,T$2,"."&$A$2&$L$1&"C"&$A12)="N/A",0,RTD("tos.rtd",,T$2,"."&$A$2&$L$1&"C"&$A12)) -> 1424 | U12: =-IF(RTD("tos.rtd",,U$2,"."&$A$2&$L$1&"P"&$A12)="N/A",0,RTD("tos.rtd",,U$2,"."&$A$2&$L$1&"P"&$A12)) -> -35 | V12: =+Hoja2!Y13 -> 21809 | W12: =SUM(P12:V12) -> 41756
A13: =+A12-$A$39 -> 680 | B13: =+IF($A$1="ABS",H13-I13,H13+I13) -> 7072 | C13: =+IF($A$1="ABS",J13-K13,J13+K13) -> 5161 | D13: =+IF($A$1="ABS",L13-M13,L13+M13) -> 19860 | E13: =SUM(B13:D13) -> 32093 | F13: =+$F$3/$A$3*A13 -> 6841.8704 | H13: =IF(RTD("tos.rtd",,H$2,"."&$A$2&$H$1&"C"&$A13)="N/A",0,RTD("tos.rtd",,H$2,"."&$A$2&$H$1&"C"&$A13)) -> 10150 | I13: =-IF(RTD("tos.rtd",,I$2,"."&$A$2&$H$1&"P"&$A13)="N/A",0,RTD("tos.rtd",,I$2,"."&$A$2&$H$1&"P"&$A13)) -> -3078 | J13: =IF(RTD("tos.rtd",,J$2,"."&$A$2&$J$1&"C"&$A13)="N/A",0,RTD("tos.rtd",,J$2,"."&$A$2&$J$1&"C"&$A13)) -> 8795 | K13: =-IF(RTD("tos.rtd",,K$2,"."&$A$2&$J$1&"P"&$A13)="N/A",0,RTD("tos.rtd",,K$2,"."&$A$2&$J$1&"P"&$A13)) -> -3634 | L13: =IF(RTD("tos.rtd",,L$2,"."&$A$2&$L$1&"C"&$A13)="N/A",0,RTD("tos.rtd",,L$2,"."&$A$2&$L$1&"C"&$A13)) -> 31225 | M13: =-IF(RTD("tos.rtd",,M$2,"."&$A$2&$L$1&"P"&$A13)="N/A",0,RTD("tos.rtd",,M$2,"."&$A$2&$L$1&"P"&$A13)) -> -11365 | N13: =SUM(H13:M13) -> 32093 | O13: =+A13 -> 680 | P13: =IF(RTD("tos.rtd",,P$2,"."&$A$2&$H$1&"C"&$A13)="N/A",0,RTD("tos.rtd",,P$2,"."&$A$2&$H$1&"C"&$A13)) -> 37037 | Q13: =-IF(RTD("tos.rtd",,Q$2,"."&$A$2&$H$1&"P"&$A13)="N/A",0,RTD("tos.rtd",,Q$2,"."&$A$2&$H$1&"P"&$A13)) -> -1436 | R13: =IF(RTD("tos.rtd",,R$2,"."&$A$2&$J$1&"C"&$A13)="N/A",0,RTD("tos.rtd",,R$2,"."&$A$2&$J$1&"C"&$A13)) -> 48542 | S13: =-IF(RTD("tos.rtd",,S$2,"."&$A$2&$J$1&"P"&$A13)="N/A",0,RTD("tos.rtd",,S$2,"."&$A$2&$J$1&"P"&$A13)) -> -1165 | T13: =IF(RTD("tos.rtd",,T$2,"."&$A$2&$L$1&"C"&$A13)="N/A",0,RTD("tos.rtd",,T$2,"."&$A$2&$L$1&"C"&$A13)) -> 16301 | U13: =-IF(RTD("tos.rtd",,U$2,"."&$A$2&$L$1&"P"&$A13)="N/A",0,RTD("tos.rtd",,U$2,"."&$A$2&$L$1&"P"&$A13)) -> -2226 | V13: =+Hoja2!Y14 -> 75942 | W13: =SUM(P13:V13) -> 172995
A14: =+A13-$A$39 -> 679 | B14: =+IF($A$1="ABS",H14-I14,H14+I14) -> -574 | C14: =+IF($A$1="ABS",J14-K14,J14+K14) -> 1063 | D14: =+IF($A$1="ABS",L14-M14,L14+M14) -> -339 | E14: =SUM(B14:D14) -> 150 | F14: =+$F$3/$A$3*A14 -> 6831.8089 | H14: =IF(RTD("tos.rtd",,H$2,"."&$A$2&$H$1&"C"&$A14)="N/A",0,RTD("tos.rtd",,H$2,"."&$A$2&$H$1&"C"&$A14)) -> 2597 | I14: =-IF(RTD("tos.rtd",,I$2,"."&$A$2&$H$1&"P"&$A14)="N/A",0,RTD("tos.rtd",,I$2,"."&$A$2&$H$1&"P"&$A14)) -> -3171 | J14: =IF(RTD("tos.rtd",,J$2,"."&$A$2&$J$1&"C"&$A14)="N/A",0,RTD("tos.rtd",,J$2,"."&$A$2&$J$1&"C"&$A14)) -> 2057 | K14: =-IF(RTD("tos.rtd",,K$2,"."&$A$2&$J$1&"P"&$A14)="N/A",0,RTD("tos.rtd",,K$2,"."&$A$2&$J$1&"P"&$A14)) -> -994 | L14: =IF(RTD("tos.rtd",,L$2,"."&$A$2&$L$1&"C"&$A14)="N/A",0,RTD("tos.rtd",,L$2,"."&$A$2&$L$1&"C"&$A14)) -> 1408 | M14: =-IF(RTD("tos.rtd",,M$2,"."&$A$2&$L$1&"P"&$A14)="N/A",0,RTD("tos.rtd",,M$2,"."&$A$2&$L$1&"P"&$A14)) -> -1747 | N14: =SUM(H14:M14) -> 150 | O14: =+A14 -> 679 | P14: =IF(RTD("tos.rtd",,P$2,"."&$A$2&$H$1&"C"&$A14)="N/A",0,RTD("tos.rtd",,P$2,"."&$A$2&$H$1&"C"&$A14)) -> 20130 | Q14: =-IF(RTD("tos.rtd",,Q$2,"."&$A$2&$H$1&"P"&$A14)="N/A",0,RTD("tos.rtd",,Q$2,"."&$A$2&$H$1&"P"&$A14)) -> -3033 | R14: =IF(RTD("tos.rtd",,R$2,"."&$A$2&$J$1&"C"&$A14)="N/A",0,RTD("tos.rtd",,R$2,"."&$A$2&$J$1&"C"&$A14)) -> 6367 | S14: =-IF(RTD("tos.rtd",,S$2,"."&$A$2&$J$1&"P"&$A14)="N/A",0,RTD("tos.rtd",,S$2,"."&$A$2&$J$1&"P"&$A14)) -> -288 | T14: =IF(RTD("tos.rtd",,T$2,"."&$A$2&$L$1&"C"&$A14)="N/A",0,RTD("tos.rtd",,T$2,"."&$A$2&$L$1&"C"&$A14)) -> 1375 | U14: =-IF(RTD("tos.rtd",,U$2,"."&$A$2&$L$1&"P"&$A14)="N/A",0,RTD("tos.rtd",,U$2,"."&$A$2&$L$1&"P"&$A14)) -> -1102 | V14: =+Hoja2!Y15 -> 23195 | W14: =SUM(P14:V14) -> 46644
A15: =+A14-$A$39 -> 678 | B15: =+IF($A$1="ABS",H15-I15,H15+I15) -> 1236 | C15: =+IF($A$1="ABS",J15-K15,J15+K15) -> 1975 | D15: =+IF($A$1="ABS",L15-M15,L15+M15) -> 235 | E15: =SUM(B15:D15) -> 3446 | F15: =+$F$3/$A$3*A15 -> 6821.7473 | H15: =IF(RTD("tos.rtd",,H$2,"."&$A$2&$H$1&"C"&$A15)="N/A",0,RTD("tos.rtd",,H$2,"."&$A$2&$H$1&"C"&$A15)) -> 3224 | I15: =-IF(RTD("tos.rtd",,I$2,"."&$A$2&$H$1&"P"&$A15)="N/A",0,RTD("tos.rtd",,I$2,"."&$A$2&$H$1&"P"&$A15)) -> -1988 | J15: =IF(RTD("tos.rtd",,J$2,"."&$A$2&$J$1&"C"&$A15)="N/A",0,RTD("tos.rtd",,J$2,"."&$A$2&$J$1&"C"&$A15)) -> 3417 | K15: =-IF(RTD("tos.rtd",,K$2,"."&$A$2&$J$1&"P"&$A15)="N/A",0,RTD("tos.rtd",,K$2,"."&$A$2&$J$1&"P"&$A15)) -> -1442 | L15: =IF(RTD("tos.rtd",,L$2,"."&$A$2&$L$1&"C"&$A15)="N/A",0,RTD("tos.rtd",,L$2,"."&$A$2&$L$1&"C"&$A15)) -> 4807 | M15: =-IF(RTD("tos.rtd",,M$2,"."&$A$2&$L$1&"P"&$A15)="N/A",0,RTD("tos.rtd",,M$2,"."&$A$2&$L$1&"P"&$A15)) -> -4572 | N15: =SUM(H15:M15) -> 3446 | O15: =+A15 -> 678 | P15: =IF(RTD("tos.rtd",,P$2,"."&$A$2&$H$1&"C"&$A15)="N/A",0,RTD("tos.rtd",,P$2,"."&$A$2&$H$1&"C"&$A15)) -> 16546 | Q15: =-IF(RTD("tos.rtd",,Q$2,"."&$A$2&$H$1&"P"&$A15)="N/A",0,RTD("tos.rtd",,Q$2,"."&$A$2&$H$1&"P"&$A15)) -> -1266 | R15: =IF(RTD("tos.rtd",,R$2,"."&$A$2&$J$1&"C"&$A15)="N/A",0,RTD("tos.rtd",,R$2,"."&$A$2&$J$1&"C"&$A15)) -> 3636 | S15: =-IF(RTD("tos.rtd",,S$2,"."&$A$2&$J$1&"P"&$A15)="N/A",0,RTD("tos.rtd",,S$2,"."&$A$2&$J$1&"P"&$A15)) -> -401 | T15: =IF(RTD("tos.rtd",,T$2,"."&$A$2&$L$1&"C"&$A15)="N/A",0,RTD("tos.rtd",,T$2,"."&$A$2&$L$1&"C"&$A15)) -> 1992 | U15: =-IF(RTD("tos.rtd",,U$2,"."&$A$2&$L$1&"P"&$A15)="N/A",0,RTD("tos.rtd",,U$2,"."&$A$2&$L$1&"P"&$A15)) -> -1134 | V15: =+Hoja2!Y16 -> 23641 | W15: =SUM(P15:V15) -> 43014
A16: =+A15-$A$39 -> 677 | B16: =+IF($A$1="ABS",H16-I16,H16+I16) -> 1255 | C16: =+IF($A$1="ABS",J16-K16,J16+K16) -> -4303 | D16: =+IF($A$1="ABS",L16-M16,L16+M16) -> 332 | E16: =SUM(B16:D16) -> -2716 | F16: =+$F$3/$A$3*A16 -> 6811.6857 | H16: =IF(RTD("tos.rtd",,H$2,"."&$A$2&$H$1&"C"&$A16)="N/A",0,RTD("tos.rtd",,H$2,"."&$A$2&$H$1&"C"&$A16)) -> 3018 | I16: =-IF(RTD("tos.rtd",,I$2,"."&$A$2&$H$1&"P"&$A16)="N/A",0,RTD("tos.rtd",,I$2,"."&$A$2&$H$1&"P"&$A16)) -> -1763 | J16: =IF(RTD("tos.rtd",,J$2,"."&$A$2&$J$1&"C"&$A16)="N/A",0,RTD("tos.rtd",,J$2,"."&$A$2&$J$1&"C"&$A16)) -> 3754 | K16: =-IF(RTD("tos.rtd",,K$2,"."&$A$2&$J$1&"P"&$A16)="N/A",0,RTD("tos.rtd",,K$2,"."&$A$2&$J$1&"P"&$A16)) -> -8057 | L16: =IF(RTD("tos.rtd",,L$2,"."&$A$2&$L$1&"C"&$A16)="N/A",0,RTD("tos.rtd",,L$2,"."&$A$2&$L$1&"C"&$A16)) -> 2936 | M16: =-IF(RTD("tos.rtd",,M$2,"."&$A$2&$L$1&"P"&$A16)="N/A",0,RTD("tos.rtd",,M$2,"."&$A$2&$L$1&"P"&$A16)) -> -2604 | N16: =SUM(H16:M16) -> -2716 | O16: =+A16 -> 677 | P16: =IF(RTD("tos.rtd",,P$2,"."&$A$2&$H$1&"C"&$A16)="N/A",0,RTD("tos.rtd",,P$2,"."&$A$2&$H$1&"C"&$A16)) -> 23860 | Q16: =-IF(RTD("tos.rtd",,Q$2,"."&$A$2&$H$1&"P"&$A16)="N/A",0,RTD("tos.rtd",,Q$2,"."&$A$2&$H$1&"P"&$A16)) -> -2215 | R16: =IF(RTD("tos.rtd",,R$2,"."&$A$2&$J$1&"C"&$A16)="N/A",0,RTD("tos.rtd",,R$2,"."&$A$2&$J$1&"C"&$A16)) -> 4775 | S16: =-IF(RTD("tos.rtd",,S$2,"."&$A$2&$J$1&"P"&$A16)="N/A",0,RTD("tos.rtd",,S$2,"."&$A$2&$J$1&"P"&$A16)) -> -2289 | T16: =IF(RTD("tos.rtd",,T$2,"."&$A$2&$L$1&"C"&$A16)="N/A",0,RTD("tos.rtd",,T$2,"."&$A$2&$L$1&"C"&$A16)) -> 1831 | U16: =-IF(RTD("tos.rtd",,U$2,"."&$A$2&$L$1&"P"&$A16)="N/A",0,RTD("tos.rtd",,U$2,"."&$A$2&$L$1&"P"&$A16)) -> -175 | V16: =+Hoja2!Y17 -> 38616 | W16: =SUM(P16:V16) -> 64403
... A38: =+A37-$A$39 -> 655 | B38: =+IF($A$1="ABS",H38-I38,H38+I38) -> -1763 | C38: =+IF($A$1="ABS",J38-K38,J38+K38) -> -3746 | D38: =+IF($A$1="ABS",L38-M38,L38+M38) -> -22188 | E38: =SUM(B38:D38) -> -27697 | F38: =+$F$3/$A$3*A38 -> 6590.3311 | H38: =IF(RTD("tos.rtd",,H$2,"."&$A$2&$H$1&"C"&$A38)="N/A",0,RTD("tos.rtd",,H$2,"."&$A$2&$H$1&"C"&$A38)) -> 36 | I38: =-IF(RTD("tos.rtd",,I$2,"."&$A$2&$H$1&"P"&$A38)="N/A",0,RTD("tos.rtd",,I$2,"."&$A$2&$H$1&"P"&$A38)) -> -1799 | J38: =IF(RTD("tos.rtd",,J$2,"."&$A$2&$J$1&"C"&$A38)="N/A",0,RTD("tos.rtd",,J$2,"."&$A$2&$J$1&"C"&$A38)) -> 323 | K38: =-IF(RTD("tos.rtd",,K$2,"."&$A$2&$J$1&"P"&$A38)="N/A",0,RTD("tos.rtd",,K$2,"."&$A$2&$J$1&"P"&$A38)) -> -4069 | L38: =IF(RTD("tos.rtd",,L$2,"."&$A$2&$L$1&"C"&$A38)="N/A",0,RTD("tos.rtd",,L$2,"."&$A$2&$L$1&"C"&$A38)) -> 3824 | M38: =-IF(RTD("tos.rtd",,M$2,"."&$A$2&$L$1&"P"&$A38)="N/A",0,RTD("tos.rtd",,M$2,"."&$A$2&$L$1&"P"&$A38)) -> -26012 | N38: =SUM(H38:M38) -> -27697 | O38: =+A38 -> 655 | P38: =IF(RTD("tos.rtd",,P$2,"."&$A$2&$H$1&"C"&$A38)="N/A",0,RTD("tos.rtd",,P$2,"."&$A$2&$H$1&"C"&$A38)) -> 600 | Q38: =-IF(RTD("tos.rtd",,Q$2,"."&$A$2&$H$1&"P"&$A38)="N/A",0,RTD("tos.rtd",,Q$2,"."&$A$2&$H$1&"P"&$A38)) -> -26191 | R38: =IF(RTD("tos.rtd",,R$2,"."&$A$2&$J$1&"C"&$A38)="N/A",0,RTD("tos.rtd",,R$2,"."&$A$2&$J$1&"C"&$A38)) -> 421 | S38: =-IF(RTD("tos.rtd",,S$2,"."&$A$2&$J$1&"P"&$A38)="N/A",0,RTD("tos.rtd",,S$2,"."&$A$2&$J$1&"P"&$A38)) -> -13548 | T38: =IF(RTD("tos.rtd",,T$2,"."&$A$2&$L$1&"C"&$A38)="N/A",0,RTD("tos.rtd",,T$2,"."&$A$2&$L$1&"C"&$A38)) -> 340 | U38: =-IF(RTD("tos.rtd",,U$2,"."&$A$2&$L$1&"P"&$A38)="N/A",0,RTD("tos.rtd",,U$2,"."&$A$2&$L$1&"P"&$A38)) -> -15140 | V38: =+Hoja2!Y39 -> -47281 | W38: =SUM(P38:V38) -> -100799
A39: 1 | B39: =MAX(B4:B38)/2 -> 4701.5 | C39: =MAX(C4:C38)/2 -> 2580.5 | D39: =MAX(D4:D38)/2 -> 9930 | E39: =MAX(E4:E38)/2 -> 16046.5 | H39: CALL | I39: PUTS | J39: CALL | K39: PUTS | L39: CALL | M39: PUTS | P39: CALL | Q39: PUTS | R39: CALL | S39: PUTS | T39: CALL | U39: PUTS | W39: =MIN(W4:W38) -> -225535
A40: =RTD("tos.rtd", ,"MARK", A2) -> 672.36 | E40: =+F3/F40 -> 669.63484 | F40: =6011/595 -> 10.102521
A41: =10/657*100 -> 1.52207 | B41: 45890 | E41: =+F44/E42 -> 607.99907
A42: =RTD("tos.rtd", ,"MARK", A43) -> 611.9 | B42: 45971 | C42: 45975 | D42: 45982 | E42: =21783/525 -> 41.491429 | F42: =+[2]Sheet1!$AD$2 -> 562.23707 | H42: =+B43 -> 251110 | J42: =+C43 -> 251114 | L42: =+D43 -> 251121 | P42: =+H42 -> 251110 | Q42: =+I42 -> 0 | R42: =+J42 -> 251114 | S42: =+K42 -> 0 | T42: =+L42 -> 251121 | U42: =+M42 -> 0 | W42: =MAX(W45:W79) -> 116195
A43: QQQ | B43: =+B$2 -> 251110 | C43: =+C2 -> 251114 | D43: =+D2 -> 251121 | F43: /NQ:XCME | H43: OPEN_INT | I43: OPEN_INT | J43: OPEN_INT | K43: OPEN_INT | L43: OPEN_INT | M43: OPEN_INT | N43: NET OI | P43: VOLUME | Q43: VOLUME | R43: VOLUME | S43: VOLUME | T43: VOLUME | U43: VOLUME | W43: NET VOL
A44: =+A42 -> 611.9 | B44: =+H44/I44 -> -0.70412896 | C44: =+J44/K44 -> -0.21749029 | D44: =+L44/M44 -> -0.64063308 | E44: 0 | F44: =RTD("tos.rtd", ,"MARK", F43) -> 25226.75 | H44: =SUM(H45:H79) -> 40536 | I44: =SUM(I45:I79) -> -57569 | J44: =SUM(J45:J79) -> 47576 | K44: =SUM(K45:K79) -> -218750 | L44: =SUM(L45:L79) -> 199431 | M44: =SUM(M45:M79) -> -311303 | N44: =SUM(N45:N79) -> -300079 | O44: 0 | P44: =SUM(P45:P79) -> 506505 | Q44: =SUM(Q45:Q79) -> -374271 | R44: =SUM(R45:R79) -> 122229 | S44: =SUM(S45:S79) -> -158098 | T44: =SUM(T45:T79) -> 64066 | U44: =SUM(U45:U79) -> -111429 | W44: =SUM(W45:W79) -> 253108
A45: =ROUND(A44/$A$39,0)*$A$39+17*$A$39 -> 629 | B45: =+IF($A$1="ABS",H45-I45,H45+I45) -> 852 | C45: =+IF($A$1="ABS",J45-K45,J45+K45) -> -429 | D45: =+IF($A$1="ABS",L45-M45,L45+M45) -> -5217 | E45: =SUM(B45:D45) -> -4794 | F45: =+$F$44/$A$44*A45 -> 25931.73 | H45: =IF(RTD("tos.rtd",,H$43,"."&$A$43&$H$42&"C"&$A45)="N/A",0,RTD("tos.rtd",,H$43,"."&$A$43&$H$42&"C"&$A45)) -> 1154 | I45: =-IF(RTD("tos.rtd",,I$43,"."&$A$43&$H$42&"P"&$A45)="N/A",0,RTD("tos.rtd",,I$43,"."&$A$43&$H$42&"P"&$A45)) -> -302 | J45: =IF(RTD("tos.rtd",,J$2,"."&$A$43&$J$1&"C"&$A45)="N/A",0,RTD("tos.rtd",,J$2,"."&$A$43&$J$1&"C"&$A45)) -> 612 | K45: =-IF(RTD("tos.rtd",,K$2,"."&$A$43&$J$1&"P"&$A45)="N/A",0,RTD("tos.rtd",,K$2,"."&$A$43&$J$1&"P"&$A45)) -> -1041 | L45: =IF(RTD("tos.rtd",,L$2,"."&$A$43&$L$1&"C"&$A45)="N/A",0,RTD("tos.rtd",,L$2,"."&$A$43&$L$1&"C"&$A45)) -> 3032 | M45: =-IF(RTD("tos.rtd",,M$2,"."&$A$43&$L$1&"P"&$A45)="N/A",0,RTD("tos.rtd",,M$2,"."&$A$43&$L$1&"P"&$A45)) -> -8249 | N45: =SUM(H45:M45) -> -4794 | O45: =+A45 -> 629 | P45: =IF(RTD("tos.rtd",,P$43,"."&$A$43&$H$42&"C"&$A45)="N/A",0,RTD("tos.rtd",,P$43,"."&$A$43&$H$42&"C"&$A45)) -> 1380 | Q45: =-IF(RTD("tos.rtd",,Q$43,"."&$A$43&$H$42&"P"&$A45)="N/A",0,RTD("tos.rtd",,Q$43,"."&$A$43&$H$42&"P"&$A45)) -> -7 | R45: =IF(RTD("tos.rtd",,R$2,"."&$A$43&$J$1&"C"&$A45)="N/A",0,RTD("tos.rtd",,R$2,"."&$A$43&$J$1&"C"&$A45)) -> 793 | S45: =-IF(RTD("tos.rtd",,S$2,"."&$A$43&$J$1&"P"&$A45)="N/A",0,RTD("tos.rtd",,S$2,"."&$A$43&$J$1&"P"&$A45)) -> -60 | T45: =IF(RTD("tos.rtd",,T$2,"."&$A$43&$L$1&"C"&$A45)="N/A",0,RTD("tos.rtd",,T$2,"."&$A$43&$L$1&"C"&$A45)) -> 2460 | U45: =-IF(RTD("tos.rtd",,U$2,"."&$A$43&$L$1&"P"&$A45)="N/A",0,RTD("tos.rtd",,U$2,"."&$A$43&$L$1&"P"&$A45)) -> -16 | V45: =+Hoja2!Y46 -> 2713 | W45: =SUM(P45:V45) -> 7263
A46: =+A45-$A$39 -> 628 | B46: =+IF($A$1="ABS",H46-I46,H46+I46) -> 1158 | C46: =+IF($A$1="ABS",J46-K46,J46+K46) -> 460 | D46: =+IF($A$1="ABS",L46-M46,L46+M46) -> 794 | E46: =SUM(B46:D46) -> 2412 | F46: =+$F$44/$A$44*A46 -> 25890.503 | H46: =IF(RTD("tos.rtd",,H$43,"."&$A$43&$H$42&"C"&$A46)="N/A",0,RTD("tos.rtd",,H$43,"."&$A$43&$H$42&"C"&$A46)) -> 1366 | I46: =-IF(RTD("tos.rtd",,I$43,"."&$A$43&$H$42&"P"&$A46)="N/A",0,RTD("tos.rtd",,I$43,"."&$A$43&$H$42&"P"&$A46)) -> -208 | J46: =IF(RTD("tos.rtd",,J$2,"."&$A$43&$J$1&"C"&$A46)="N/A",0,RTD("tos.rtd",,J$2,"."&$A$43&$J$1&"C"&$A46)) -> 2028 | K46: =-IF(RTD("tos.rtd",,K$2,"."&$A$43&$J$1&"P"&$A46)="N/A",0,RTD("tos.rtd",,K$2,"."&$A$43&$J$1&"P"&$A46)) -> -1568 | L46: =IF(RTD("tos.rtd",,L$2,"."&$A$43&$L$1&"C"&$A46)="N/A",0,RTD("tos.rtd",,L$2,"."&$A$43&$L$1&"C"&$A46)) -> 2003 | M46: =-IF(RTD("tos.rtd",,M$2,"."&$A$43&$L$1&"P"&$A46)="N/A",0,RTD("tos.rtd",,M$2,"."&$A$43&$L$1&"P"&$A46)) -> -1209 | N46: =SUM(H46:M46) -> 2412 | O46: =+A46 -> 628 | P46: =IF(RTD("tos.rtd",,P$43,"."&$A$43&$H$42&"C"&$A46)="N/A",0,RTD("tos.rtd",,P$43,"."&$A$43&$H$42&"C"&$A46)) -> 1090 | Q46: =-IF(RTD("tos.rtd",,Q$43,"."&$A$43&$H$42&"P"&$A46)="N/A",0,RTD("tos.rtd",,Q$43,"."&$A$43&$H$42&"P"&$A46)) -> -110 | R46: =IF(RTD("tos.rtd",,R$2,"."&$A$43&$J$1&"C"&$A46)="N/A",0,RTD("tos.rtd",,R$2,"."&$A$43&$J$1&"C"&$A46)) -> 866 | S46: =-IF(RTD("tos.rtd",,S$2,"."&$A$43&$J$1&"P"&$A46)="N/A",0,RTD("tos.rtd",,S$2,"."&$A$43&$J$1&"P"&$A46)) -> -109 | T46: =IF(RTD("tos.rtd",,T$2,"."&$A$43&$L$1&"C"&$A46)="N/A",0,RTD("tos.rtd",,T$2,"."&$A$43&$L$1&"C"&$A46)) -> 453 | U46: =-IF(RTD("tos.rtd",,U$2,"."&$A$43&$L$1&"P"&$A46)="N/A",0,RTD("tos.rtd",,U$2,"."&$A$43&$L$1&"P"&$A46)) -> -142 | V46: =+Hoja2!Y47 -> 1980 | W46: =SUM(P46:V46) -> 4028
A47: =+A46-$A$39 -> 627 | B47: =+IF($A$1="ABS",H47-I47,H47+I47) -> 496 | C47: =+IF($A$1="ABS",J47-K47,J47+K47) -> -512 | D47: =+IF($A$1="ABS",L47-M47,L47+M47) -> 2137 | E47: =SUM(B47:D47) -> 2121 | F47: =+$F$44/$A$44*A47 -> 25849.276 | H47: =IF(RTD("tos.rtd",,H$43,"."&$A$43&$H$42&"C"&$A47)="N/A",0,RTD("tos.rtd",,H$43,"."&$A$43&$H$42&"C"&$A47)) -> 1108 | I47: =-IF(RTD("tos.rtd",,I$43,"."&$A$43&$H$42&"P"&$A47)="N/A",0,RTD("tos.rtd",,I$43,"."&$A$43&$H$42&"P"&$A47)) -> -612 | J47: =IF(RTD("tos.rtd",,J$2,"."&$A$43&$J$1&"C"&$A47)="N/A",0,RTD("tos.rtd",,J$2,"."&$A$43&$J$1&"C"&$A47)) -> 1482 | K47: =-IF(RTD("tos.rtd",,K$2,"."&$A$43&$J$1&"P"&$A47)="N/A",0,RTD("tos.rtd",,K$2,"."&$A$43&$J$1&"P"&$A47)) -> -1994 | L47: =IF(RTD("tos.rtd",,L$2,"."&$A$43&$L$1&"C"&$A47)="N/A",0,RTD("tos.rtd",,L$2,"."&$A$43&$L$1&"C"&$A47)) -> 4109 | M47: =-IF(RTD("tos.rtd",,M$2,"."&$A$43&$L$1&"P"&$A47)="N/A",0,RTD("tos.rtd",,M$2,"."&$A$43&$L$1&"P"&$A47)) -> -1972 | N47: =SUM(H47:M47) -> 2121 | O47: =+A47 -> 627 | P47: =IF(RTD("tos.rtd",,P$43,"."&$A$43&$H$42&"C"&$A47)="N/A",0,RTD("tos.rtd",,P$43,"."&$A$43&$H$42&"C"&$A47)) -> 956 | Q47: =-IF(RTD("tos.rtd",,Q$43,"."&$A$43&$H$42&"P"&$A47)="N/A",0,RTD("tos.rtd",,Q$43,"."&$A$43&$H$42&"P"&$A47)) -> -221 | R47: =IF(RTD("tos.rtd",,R$2,"."&$A$43&$J$1&"C"&$A47)="N/A",0,RTD("tos.rtd",,R$2,"."&$A$43&$J$1&"C"&$A47)) -> 1725 | S47: =-IF(RTD("tos.rtd",,S$2,"."&$A$43&$J$1&"P"&$A47)="N/A",0,RTD("tos.rtd",,S$2,"."&$A$43&$J$1&"P"&$A47)) -> -251 | T47: =IF(RTD("tos.rtd",,T$2,"."&$A$43&$L$1&"C"&$A47)="N/A",0,RTD("tos.rtd",,T$2,"."&$A$43&$L$1&"C"&$A47)) -> 378 | U47: =-IF(RTD("tos.rtd",,U$2,"."&$A$43&$L$1&"P"&$A47)="N/A",0,RTD("tos.rtd",,U$2,"."&$A$43&$L$1&"P"&$A47)) -> -129 | V47: =+Hoja2!Y48 -> 2515 | W47: =SUM(P47:V47) -> 4973
A48: =+A47-$A$39 -> 626 | B48: =+IF($A$1="ABS",H48-I48,H48+I48) -> 2281 | C48: =+IF($A$1="ABS",J48-K48,J48+K48) -> -117 | D48: =+IF($A$1="ABS",L48-M48,L48+M48) -> -92 | E48: =SUM(B48:D48) -> 2072 | F48: =+$F$44/$A$44*A48 -> 25808.05 | H48: =IF(RTD("tos.rtd",,H$43,"."&$A$43&$H$42&"C"&$A48)="N/A",0,RTD("tos.rtd",,H$43,"."&$A$43&$H$42&"C"&$A48)) -> 2635 | I48: =-IF(RTD("tos.rtd",,I$43,"."&$A$43&$H$42&"P"&$A48)="N/A",0,RTD("tos.rtd",,I$43,"."&$A$43&$H$42&"P"&$A48)) -> -354 | J48: =IF(RTD("tos.rtd",,J$2,"."&$A$43&$J$1&"C"&$A48)="N/A",0,RTD("tos.rtd",,J$2,"."&$A$43&$J$1&"C"&$A48)) -> 838 | K48: =-IF(RTD("tos.rtd",,K$2,"."&$A$43&$J$1&"P"&$A48)="N/A",0,RTD("tos.rtd",,K$2,"."&$A$43&$J$1&"P"&$A48)) -> -955 | L48: =IF(RTD("tos.rtd",,L$2,"."&$A$43&$L$1&"C"&$A48)="N/A",0,RTD("tos.rtd",,L$2,"."&$A$43&$L$1&"C"&$A48)) -> 1653 | M48: =-IF(RTD("tos.rtd",,M$2,"."&$A$43&$L$1&"P"&$A48)="N/A",0,RTD("tos.rtd",,M$2,"."&$A$43&$L$1&"P"&$A48)) -> -1745 | N48: =SUM(H48:M48) -> 2072 | O48: =+A48 -> 626 | P48: =IF(RTD("tos.rtd",,P$43,"."&$A$43&$H$42&"C"&$A48)="N/A",0,RTD("tos.rtd",,P$43,"."&$A$43&$H$42&"C"&$A48)) -> 2298 | Q48: =-IF(RTD("tos.rtd",,Q$43,"."&$A$43&$H$42&"P"&$A48)="N/A",0,RTD("tos.rtd",,Q$43,"."&$A$43&$H$42&"P"&$A48)) -> -155 | R48: =IF(RTD("tos.rtd",,R$2,"."&$A$43&$J$1&"C"&$A48)="N/A",0,RTD("tos.rtd",,R$2,"."&$A$43&$J$1&"C"&$A48)) -> 943 | S48: =-IF(RTD("tos.rtd",,S$2,"."&$A$43&$J$1&"P"&$A48)="N/A",0,RTD("tos.rtd",,S$2,"."&$A$43&$J$1&"P"&$A48)) -> -132 | T48: =IF(RTD("tos.rtd",,T$2,"."&$A$43&$L$1&"C"&$A48)="N/A",0,RTD("tos.rtd",,T$2,"."&$A$43&$L$1&"C"&$A48)) -> 601 | U48: =-IF(RTD("tos.rtd",,U$2,"."&$A$43&$L$1&"P"&$A48)="N/A",0,RTD("tos.rtd",,U$2,"."&$A$43&$L$1&"P"&$A48)) -> -104 | V48: =+Hoja2!Y49 -> 4702 | W48: =SUM(P48:V48) -> 8153
A49: =+A48-$A$39 -> 625 | B49: =+IF($A$1="ABS",H49-I49,H49+I49) -> -1936 | C49: =+IF($A$1="ABS",J49-K49,J49+K49) -> -13703 | D49: =+IF($A$1="ABS",L49-M49,L49+M49) -> 5922 | E49: =SUM(B49:D49) -> -9717 | F49: =+$F$44/$A$44*A49 -> 25766.823 | H49: =IF(RTD("tos.rtd",,H$43,"."&$A$43&$H$42&"C"&$A49)="N/A",0,RTD("tos.rtd",,H$43,"."&$A$43&$H$42&"C"&$A49)) -> 5999 | I49: =-IF(RTD("tos.rtd",,I$43,"."&$A$43&$H$42&"P"&$A49)="N/A",0,RTD("tos.rtd",,I$43,"."&$A$43&$H$42&"P"&$A49)) -> -7935 | J49: =IF(RTD("tos.rtd",,J$2,"."&$A$43&$J$1&"C"&$A49)="N/A",0,RTD("tos.rtd",,J$2,"."&$A$43&$J$1&"C"&$A49)) -> 6844 | K49: =-IF(RTD("tos.rtd",,K$2,"."&$A$43&$J$1&"P"&$A49)="N/A",0,RTD("tos.rtd",,K$2,"."&$A$43&$J$1&"P"&$A49)) -> -20547 | L49: =IF(RTD("tos.rtd",,L$2,"."&$A$43&$L$1&"C"&$A49)="N/A",0,RTD("tos.rtd",,L$2,"."&$A$43&$L$1&"C"&$A49)) -> 26148 | M49: =-IF(RTD("tos.rtd",,M$2,"."&$A$43&$L$1&"P"&$A49)="N/A",0,RTD("tos.rtd",,M$2,"."&$A$43&$L$1&"P"&$A49)) -> -20226 | N49: =SUM(H49:M49) -> -9717 | O49: =+A49 -> 625 | P49: =IF(RTD("tos.rtd",,P$43,"."&$A$43&$H$42&"C"&$A49)="N/A",0,RTD("tos.rtd",,P$43,"."&$A$43&$H$42&"C"&$A49)) -> 6604 | Q49: =-IF(RTD("tos.rtd",,Q$43,"."&$A$43&$H$42&"P"&$A49)="N/A",0,RTD("tos.rtd",,Q$43,"."&$A$43&$H$42&"P"&$A49)) -> -258 | R49: =IF(RTD("tos.rtd",,R$2,"."&$A$43&$J$1&"C"&$A49)="N/A",0,RTD("tos.rtd",,R$2,"."&$A$43&$J$1&"C"&$A49)) -> 6311 | S49: =-IF(RTD("tos.rtd",,S$2,"."&$A$43&$J$1&"P"&$A49)="N/A",0,RTD("tos.rtd",,S$2,"."&$A$43&$J$1&"P"&$A49)) -> -1607 | T49: =IF(RTD("tos.rtd",,T$2,"."&$A$43&$L$1&"C"&$A49)="N/A",0,RTD("tos.rtd",,T$2,"."&$A$43&$L$1&"C"&$A49)) -> 8539 | U49: =-IF(RTD("tos.rtd",,U$2,"."&$A$43&$L$1&"P"&$A49)="N/A",0,RTD("tos.rtd",,U$2,"."&$A$43&$L$1&"P"&$A49)) -> -817 | V49: =+Hoja2!Y50 -> 20802 | W49: =SUM(P49:V49) -> 39574
A50: =+A49-$A$39 -> 624 | B50: =+IF($A$1="ABS",H50-I50,H50+I50) -> 217 | C50: =+IF($A$1="ABS",J50-K50,J50+K50) -> -364 | D50: =+IF($A$1="ABS",L50-M50,L50+M50) -> -872 | E50: =SUM(B50:D50) -> -1019 | F50: =+$F$44/$A$44*A50 -> 25725.596 | H50: =IF(RTD("tos.rtd",,H$43,"."&$A$43&$H$42&"C"&$A50)="N/A",0,RTD("tos.rtd",,H$43,"."&$A$43&$H$42&"C"&$A50)) -> 965 | I50: =-IF(RTD("tos.rtd",,I$43,"."&$A$43&$H$42&"P"&$A50)="N/A",0,RTD("tos.rtd",,I$43,"."&$A$43&$H$42&"P"&$A50)) -> -748 | J50: =IF(RTD("tos.rtd",,J$2,"."&$A$43&$J$1&"C"&$A50)="N/A",0,RTD("tos.rtd",,J$2,"."&$A$43&$J$1&"C"&$A50)) -> 1098 | K50: =-IF(RTD("tos.rtd",,K$2,"."&$A$43&$J$1&"P"&$A50)="N/A",0,RTD("tos.rtd",,K$2,"."&$A$43&$J$1&"P"&$A50)) -> -1462 | L50: =IF(RTD("tos.rtd",,L$2,"."&$A$43&$L$1&"C"&$A50)="N/A",0,RTD("tos.rtd",,L$2,"."&$A$43&$L$1&"C"&$A50)) -> 2338 | M50: =-IF(RTD("tos.rtd",,M$2,"."&$A$43&$L$1&"P"&$A50)="N/A",0,RTD("tos.rtd",,M$2,"."&$A$43&$L$1&"P"&$A50)) -> -3210 | N50: =SUM(H50:M50) -> -1019 | O50: =+A50 -> 624 | P50: =IF(RTD("tos.rtd",,P$43,"."&$A$43&$H$42&"C"&$A50)="N/A",0,RTD("tos.rtd",,P$43,"."&$A$43&$H$42&"C"&$A50)) -> 2005 | Q50: =-IF(RTD("tos.rtd",,Q$43,"."&$A$43&$H$42&"P"&$A50)="N/A",0,RTD("tos.rtd",,Q$43,"."&$A$43&$H$42&"P"&$A50)) -> -180 | R50: =IF(RTD("tos.rtd",,R$2,"."&$A$43&$J$1&"C"&$A50)="N/A",0,RTD("tos.rtd",,R$2,"."&$A$43&$J$1&"C"&$A50)) -> 1023 | S50: =-IF(RTD("tos.rtd",,S$2,"."&$A$43&$J$1&"P"&$A50)="N/A",0,RTD("tos.rtd",,S$2,"."&$A$43&$J$1&"P"&$A50)) -> -60 | T50: =IF(RTD("tos.rtd",,T$2,"."&$A$43&$L$1&"C"&$A50)="N/A",0,RTD("tos.rtd",,T$2,"."&$A$43&$L$1&"C"&$A50)) -> 892 | U50: =-IF(RTD("tos.rtd",,U$2,"."&$A$43&$L$1&"P"&$A50)="N/A",0,RTD("tos.rtd",,U$2,"."&$A$43&$L$1&"P"&$A50)) -> -1087 | V50: =+Hoja2!Y51 -> 14552 | W50: =SUM(P50:V50) -> 17145
A51: =+A50-$A$39 -> 623 | B51: =+IF($A$1="ABS",H51-I51,H51+I51) -> 341 | C51: =+IF($A$1="ABS",J51-K51,J51+K51) -> -2476 | D51: =+IF($A$1="ABS",L51-M51,L51+M51) -> -194 | E51: =SUM(B51:D51) -> -2329 | F51: =+$F$44/$A$44*A51 -> 25684.369 | H51: =IF(RTD("tos.rtd",,H$43,"."&$A$43&$H$42&"C"&$A51)="N/A",0,RTD("tos.rtd",,H$43,"."&$A$43&$H$42&"C"&$A51)) -> 1224 | I51: =-IF(RTD("tos.rtd",,I$43,"."&$A$43&$H$42&"P"&$A51)="N/A",0,RTD("tos.rtd",,I$43,"."&$A$43&$H$42&"P"&$A51)) -> -883 | J51: =IF(RTD("tos.rtd",,J$2,"."&$A$43&$J$1&"C"&$A51)="N/A",0,RTD("tos.rtd",,J$2,"."&$A$43&$J$1&"C"&$A51)) -> 940 | K51: =-IF(RTD("tos.rtd",,K$2,"."&$A$43&$J$1&"P"&$A51)="N/A",0,RTD("tos.rtd",,K$2,"."&$A$43&$J$1&"P"&$A51)) -> -3416 | L51: =IF(RTD("tos.rtd",,L$2,"."&$A$43&$L$1&"C"&$A51)="N/A",0,RTD("tos.rtd",,L$2,"."&$A$43&$L$1&"C"&$A51)) -> 5889 | M51: =-IF(RTD("tos.rtd",,M$2,"."&$A$43&$L$1&"P"&$A51)="N/A",0,RTD("tos.rtd",,M$2,"."&$A$43&$L$1&"P"&$A51)) -> -6083 | N51: =SUM(H51:M51) -> -2329 | O51: =+A51 -> 623 | P51: =IF(RTD("tos.rtd",,P$43,"."&$A$43&$H$42&"C"&$A51)="N/A",0,RTD("tos.rtd",,P$43,"."&$A$43&$H$42&"C"&$A51)) -> 3333 | Q51: =-IF(RTD("tos.rtd",,Q$43,"."&$A$43&$H$42&"P"&$A51)="N/A",0,RTD("tos.rtd",,Q$43,"."&$A$43&$H$42&"P"&$A51)) -> -471 | R51: =IF(RTD("tos.rtd",,R$2,"."&$A$43&$J$1&"C"&$A51)="N/A",0,RTD("tos.rtd",,R$2,"."&$A$43&$J$1&"C"&$A51)) -> 1616 | S51: =-IF(RTD("tos.rtd",,S$2,"."&$A$43&$J$1&"P"&$A51)="N/A",0,RTD("tos.rtd",,S$2,"."&$A$43&$J$1&"P"&$A51)) -> -101 | T51: =IF(RTD("tos.rtd",,T$2,"."&$A$43&$L$1&"C"&$A51)="N/A",0,RTD("tos.rtd",,T$2,"."&$A$43&$L$1&"C"&$A51)) -> 690 | U51: =-IF(RTD("tos.rtd",,U$2,"."&$A$43&$L$1&"P"&$A51)="N/A",0,RTD("tos.rtd",,U$2,"."&$A$43&$L$1&"P"&$A51)) -> -536 | V51: =+Hoja2!Y52 -> 4436 | W51: =SUM(P51:V51) -> 8967
A52: =+A51-$A$39 -> 622 | B52: =+IF($A$1="ABS",H52-I52,H52+I52) -> -1032 | C52: =+IF($A$1="ABS",J52-K52,J52+K52) -> 58 | D52: =+IF($A$1="ABS",L52-M52,L52+M52) -> 2335 | E52: =SUM(B52:D52) -> 1361 | F52: =+$F$44/$A$44*A52 -> 25643.142 | H52: =IF(RTD("tos.rtd",,H$43,"."&$A$43&$H$42&"C"&$A52)="N/A",0,RTD("tos.rtd",,H$43,"."&$A$43&$H$42&"C"&$A52)) -> 1459 | I52: =-IF(RTD("tos.rtd",,I$43,"."&$A$43&$H$42&"P"&$A52)="N/A",0,RTD("tos.rtd",,I$43,"."&$A$43&$H$42&"P"&$A52)) -> -2491 | J52: =IF(RTD("tos.rtd",,J$2,"."&$A$43&$J$1&"C"&$A52)="N/A",0,RTD("tos.rtd",,J$2,"."&$A$43&$J$1&"C"&$A52)) -> 1200 | K52: =-IF(RTD("tos.rtd",,K$2,"."&$A$43&$J$1&"P"&$A52)="N/A",0,RTD("tos.rtd",,K$2,"."&$A$43&$J$1&"P"&$A52)) -> -1142 | L52: =IF(RTD("tos.rtd",,L$2,"."&$A$43&$L$1&"C"&$A52)="N/A",0,RTD("tos.rtd",,L$2,"."&$A$43&$L$1&"C"&$A52)) -> 4268 | M52: =-IF(RTD("tos.rtd",,M$2,"."&$A$43&$L$1&"P"&$A52)="N/A",0,RTD("tos.rtd",,M$2,"."&$A$43&$L$1&"P"&$A52)) -> -1933 | N52: =SUM(H52:M52) -> 1361 | O52: =+A52 -> 622 | P52: =IF(RTD("tos.rtd",,P$43,"."&$A$43&$H$42&"C"&$A52)="N/A",0,RTD("tos.rtd",,P$43,"."&$A$43&$H$42&"C"&$A52)) -> 3190 | Q52: =-IF(RTD("tos.rtd",,Q$43,"."&$A$43&$H$42&"P"&$A52)="N/A",0,RTD("tos.rtd",,Q$43,"."&$A$43&$H$42&"P"&$A52)) -> -317 | R52: =IF(RTD("tos.rtd",,R$2,"."&$A$43&$J$1&"C"&$A52)="N/A",0,RTD("tos.rtd",,R$2,"."&$A$43&$J$1&"C"&$A52)) -> 3302 | S52: =-IF(RTD("tos.rtd",,S$2,"."&$A$43&$J$1&"P"&$A52)="N/A",0,RTD("tos.rtd",,S$2,"."&$A$43&$J$1&"P"&$A52)) -> -233 | T52: =IF(RTD("tos.rtd",,T$2,"."&$A$43&$L$1&"C"&$A52)="N/A",0,RTD("tos.rtd",,T$2,"."&$A$43&$L$1&"C"&$A52)) -> 385 | U52: =-IF(RTD("tos.rtd",,U$2,"."&$A$43&$L$1&"P"&$A52)="N/A",0,RTD("tos.rtd",,U$2,"."&$A$43&$L$1&"P"&$A52)) -> -161 | V52: =+Hoja2!Y53 -> 4478 | W52: =SUM(P52:V52) -> 10644
A53: =+A52-$A$39 -> 621 | B53: =+IF($A$1="ABS",H53-I53,H53+I53) -> 202 | C53: =+IF($A$1="ABS",J53-K53,J53+K53) -> 428 | D53: =+IF($A$1="ABS",L53-M53,L53+M53) -> 693 | E53: =SUM(B53:D53) -> 1323 | F53: =+$F$44/$A$44*A53 -> 25601.915 | H53: =IF(RTD("tos.rtd",,H$43,"."&$A$43&$H$42&"C"&$A53)="N/A",0,RTD("tos.rtd",,H$43,"."&$A$43&$H$42&"C"&$A53)) -> 1544 | I53: =-IF(RTD("tos.rtd",,I$43,"."&$A$43&$H$42&"P"&$A53)="N/A",0,RTD("tos.rtd",,I$43,"."&$A$43&$H$42&"P"&$A53)) -> -1342 | J53: =IF(RTD("tos.rtd",,J$2,"."&$A$43&$J$1&"C"&$A53)="N/A",0,RTD("tos.rtd",,J$2,"."&$A$43&$J$1&"C"&$A53)) -> 1017 | K53: =-IF(RTD("tos.rtd",,K$2,"."&$A$43&$J$1&"P"&$A53)="N/A",0,RTD("tos.rtd",,K$2,"."&$A$43&$J$1&"P"&$A53)) -> -589 | L53: =IF(RTD("tos.rtd",,L$2,"."&$A$43&$L$1&"C"&$A53)="N/A",0,RTD("tos.rtd",,L$2,"."&$A$43&$L$1&"C"&$A53)) -> 1712 | M53: =-IF(RTD("tos.rtd",,M$2,"."&$A$43&$L$1&"P"&$A53)="N/A",0,RTD("tos.rtd",,M$2,"."&$A$43&$L$1&"P"&$A53)) -> -1019 | N53: =SUM(H53:M53) -> 1323 | O53: =+A53 -> 621 | P53: =IF(RTD("tos.rtd",,P$43,"."&$A$43&$H$42&"C"&$A53)="N/A",0,RTD("tos.rtd",,P$43,"."&$A$43&$H$42&"C"&$A53)) -> 5012 | Q53: =-IF(RTD("tos.rtd",,Q$43,"."&$A$43&$H$42&"P"&$A53)="N/A",0,RTD("tos.rtd",,Q$43,"."&$A$43&$H$42&"P"&$A53)) -> -392 | R53: =IF(RTD("tos.rtd",,R$2,"."&$A$43&$J$1&"C"&$A53)="N/A",0,RTD("tos.rtd",,R$2,"."&$A$43&$J$1&"C"&$A53)) -> 1413 | S53: =-IF(RTD("tos.rtd",,S$2,"."&$A$43&$J$1&"P"&$A53)="N/A",0,RTD("tos.rtd",,S$2,"."&$A$43&$J$1&"P"&$A53)) -> -98 | T53: =IF(RTD("tos.rtd",,T$2,"."&$A$43&$L$1&"C"&$A53)="N/A",0,RTD("tos.rtd",,T$2,"."&$A$43&$L$1&"C"&$A53)) -> 1145 | U53: =-IF(RTD("tos.rtd",,U$2,"."&$A$43&$L$1&"P"&$A53)="N/A",0,RTD("tos.rtd",,U$2,"."&$A$43&$L$1&"P"&$A53)) -> -104 | V53: =+Hoja2!Y54 -> 6603 | W53: =SUM(P53:V53) -> 13579
A54: =+A53-$A$39 -> 620 | B54: =+IF($A$1="ABS",H54-I54,H54+I54) -> 277 | C54: =+IF($A$1="ABS",J54-K54,J54+K54) -> 673 | D54: =+IF($A$1="ABS",L54-M54,L54+M54) -> 6296 | E54: =SUM(B54:D54) -> 7246 | F54: =+$F$44/$A$44*A54 -> 25560.688 | H54: =IF(RTD("tos.rtd",,H$43,"."&$A$43&$H$42&"C"&$A54)="N/A",0,RTD("tos.rtd",,H$43,"."&$A$43&$H$42&"C"&$A54)) -> 2617 | I54: =-IF(RTD("tos.rtd",,I$43,"."&$A$43&$H$42&"P"&$A54)="N/A",0,RTD("tos.rtd",,I$43,"."&$A$43&$H$42&"P"&$A54)) -> -2340 | J54: =IF(RTD("tos.rtd",,J$2,"."&$A$43&$J$1&"C"&$A54)="N/A",0,RTD("tos.rtd",,J$2,"."&$A$43&$J$1&"C"&$A54)) -> 4581 | K54: =-IF(RTD("tos.rtd",,K$2,"."&$A$43&$J$1&"P"&$A54)="N/A",0,RTD("tos.rtd",,K$2,"."&$A$43&$J$1&"P"&$A54)) -> -3908 | L54: =IF(RTD("tos.rtd",,L$2,"."&$A$43&$L$1&"C"&$A54)="N/A",0,RTD("tos.rtd",,L$2,"."&$A$43&$L$1&"C"&$A54)) -> 16577 | M54: =-IF(RTD("tos.rtd",,M$2,"."&$A$43&$L$1&"P"&$A54)="N/A",0,RTD("tos.rtd",,M$2,"."&$A$43&$L$1&"P"&$A54)) -> -10281 | N54: =SUM(H54:M54) -> 7246 | O54: =+A54 -> 620 | P54: =IF(RTD("tos.rtd",,P$43,"."&$A$43&$H$42&"C"&$A54)="N/A",0,RTD("tos.rtd",,P$43,"."&$A$43&$H$42&"C"&$A54)) -> 12117 | Q54: =-IF(RTD("tos.rtd",,Q$43,"."&$A$43&$H$42&"P"&$A54)="N/A",0,RTD("tos.rtd",,Q$43,"."&$A$43&$H$42&"P"&$A54)) -> -904 | R54: =IF(RTD("tos.rtd",,R$2,"."&$A$43&$J$1&"C"&$A54)="N/A",0,RTD("tos.rtd",,R$2,"."&$A$43&$J$1&"C"&$A54)) -> 14756 | S54: =-IF(RTD("tos.rtd",,S$2,"."&$A$43&$J$1&"P"&$A54)="N/A",0,RTD("tos.rtd",,S$2,"."&$A$43&$J$1&"P"&$A54)) -> -1489 | T54: =IF(RTD("tos.rtd",,T$2,"."&$A$43&$L$1&"C"&$A54)="N/A",0,RTD("tos.rtd",,T$2,"."&$A$43&$L$1&"C"&$A54)) -> 11767 | U54: =-IF(RTD("tos.rtd",,U$2,"."&$A$43&$L$1&"P"&$A54)="N/A",0,RTD("tos.rtd",,U$2,"."&$A$43&$L$1&"P"&$A54)) -> -2026 | V54: =+Hoja2!Y55 -> 23059 | W54: =SUM(P54:V54) -> 57280
A55: =+A54-$A$39 -> 619 | B55: =+IF($A$1="ABS",H55-I55,H55+I55) -> 342 | C55: =+IF($A$1="ABS",J55-K55,J55+K55) -> -3524 | D55: =+IF($A$1="ABS",L55-M55,L55+M55) -> -275 | E55: =SUM(B55:D55) -> -3457 | F55: =+$F$44/$A$44*A55 -> 25519.461 | H55: =IF(RTD("tos.rtd",,H$43,"."&$A$43&$H$42&"C"&$A55)="N/A",0,RTD("tos.rtd",,H$43,"."&$A$43&$H$42&"C"&$A55)) -> 861 | I55: =-IF(RTD("tos.rtd",,I$43,"."&$A$43&$H$42&"P"&$A55)="N/A",0,RTD("tos.rtd",,I$43,"."&$A$43&$H$42&"P"&$A55)) -> -519 | J55: =IF(RTD("tos.rtd",,J$2,"."&$A$43&$J$1&"C"&$A55)="N/A",0,RTD("tos.rtd",,J$2,"."&$A$43&$J$1&"C"&$A55)) -> 775 | K55: =-IF(RTD("tos.rtd",,K$2,"."&$A$43&$J$1&"P"&$A55)="N/A",0,RTD("tos.rtd",,K$2,"."&$A$43&$J$1&"P"&$A55)) -> -4299 | L55: =IF(RTD("tos.rtd",,L$2,"."&$A$43&$L$1&"C"&$A55)="N/A",0,RTD("tos.rtd",,L$2,"."&$A$43&$L$1&"C"&$A55)) -> 901 | M55: =-IF(RTD("tos.rtd",,M$2,"."&$A$43&$L$1&"P"&$A55)="N/A",0,RTD("tos.rtd",,M$2,"."&$A$43&$L$1&"P"&$A55)) -> -1176 | N55: =SUM(H55:M55) -> -3457 | O55: =+A55 -> 619 | P55: =IF(RTD("tos.rtd",,P$43,"."&$A$43&$H$42&"C"&$A55)="N/A",0,RTD("tos.rtd",,P$43,"."&$A$43&$H$42&"C"&$A55)) -> 5020 | Q55: =-IF(RTD("tos.rtd",,Q$43,"."&$A$43&$H$42&"P"&$A55)="N/A",0,RTD("tos.rtd",,Q$43,"."&$A$43&$H$42&"P"&$A55)) -> -390 | R55: =IF(RTD("tos.rtd",,R$2,"."&$A$43&$J$1&"C"&$A55)="N/A",0,RTD("tos.rtd",,R$2,"."&$A$43&$J$1&"C"&$A55)) -> 1447 | S55: =-IF(RTD("tos.rtd",,S$2,"."&$A$43&$J$1&"P"&$A55)="N/A",0,RTD("tos.rtd",,S$2,"."&$A$43&$J$1&"P"&$A55)) -> -388 | T55: =IF(RTD("tos.rtd",,T$2,"."&$A$43&$L$1&"C"&$A55)="N/A",0,RTD("tos.rtd",,T$2,"."&$A$43&$L$1&"C"&$A55)) -> 456 | U55: =-IF(RTD("tos.rtd",,U$2,"."&$A$43&$L$1&"P"&$A55)="N/A",0,RTD("tos.rtd",,U$2,"."&$A$43&$L$1&"P"&$A55)) -> -90 | V55: =+Hoja2!Y56 -> 6698 | W55: =SUM(P55:V55) -> 12753
A56: =+A55-$A$39 -> 618 | B56: =+IF($A$1="ABS",H56-I56,H56+I56) -> 532 | C56: =+IF($A$1="ABS",J56-K56,J56+K56) -> -3937 | D56: =+IF($A$1="ABS",L56-M56,L56+M56) -> -418 | E56: =SUM(B56:D56) -> -3823 | F56: =+$F$44/$A$44*A56 -> 25478.234 | H56: =IF(RTD("tos.rtd",,H$43,"."&$A$43&$H$42&"C"&$A56)="N/A",0,RTD("tos.rtd",,H$43,"."&$A$43&$H$42&"C"&$A56)) -> 2405 | I56: =-IF(RTD("tos.rtd",,I$43,"."&$A$43&$H$42&"P"&$A56)="N/A",0,RTD("tos.rtd",,I$43,"."&$A$43&$H$42&"P"&$A56)) -> -1873 | J56: =IF(RTD("tos.rtd",,J$2,"."&$A$43&$J$1&"C"&$A56)="N/A",0,RTD("tos.rtd",,J$2,"."&$A$43&$J$1&"C"&$A56)) -> 1585 | K56: =-IF(RTD("tos.rtd",,K$2,"."&$A$43&$J$1&"P"&$A56)="N/A",0,RTD("tos.rtd",,K$2,"."&$A$43&$J$1&"P"&$A56)) -> -5522 | L56: =IF(RTD("tos.rtd",,L$2,"."&$A$43&$L$1&"C"&$A56)="N/A",0,RTD("tos.rtd",,L$2,"."&$A$43&$L$1&"C"&$A56)) -> 3741 | M56: =-IF(RTD("tos.rtd",,M$2,"."&$A$43&$L$1&"P"&$A56)="N/A",0,RTD("tos.rtd",,M$2,"."&$A$43&$L$1&"P"&$A56)) -> -4159 | N56: =SUM(H56:M56) -> -3823 | O56: =+A56 -> 618 | P56: =IF(RTD("tos.rtd",,P$43,"."&$A$43&$H$42&"C"&$A56)="N/A",0,RTD("tos.rtd",,P$43,"."&$A$43&$H$42&"C"&$A56)) -> 11416 | Q56: =-IF(RTD("tos.rtd",,Q$43,"."&$A$43&$H$42&"P"&$A56)="N/A",0,RTD("tos.rtd",,Q$43,"."&$A$43&$H$42&"P"&$A56)) -> -1026 | R56: =IF(RTD("tos.rtd",,R$2,"."&$A$43&$J$1&"C"&$A56)="N/A",0,RTD("tos.rtd",,R$2,"."&$A$43&$J$1&"C"&$A56)) -> 2218 | S56: =-IF(RTD("tos.rtd",,S$2,"."&$A$43&$J$1&"P"&$A56)="N/A",0,RTD("tos.rtd",,S$2,"."&$A$43&$J$1&"P"&$A56)) -> -494 | T56: =IF(RTD("tos.rtd",,T$2,"."&$A$43&$L$1&"C"&$A56)="N/A",0,RTD("tos.rtd",,T$2,"."&$A$43&$L$1&"C"&$A56)) -> 831 | U56: =-IF(RTD("tos.rtd",,U$2,"."&$A$43&$L$1&"P"&$A56)="N/A",0,RTD("tos.rtd",,U$2,"."&$A$43&$L$1&"P"&$A56)) -> -2311 | V56: =+Hoja2!Y57 -> 17423 | W56: =SUM(P56:V56) -> 28057
A57: =+A56-$A$39 -> 617 | B57: =+IF($A$1="ABS",H57-I57,H57+I57) -> 797 | C57: =+IF($A$1="ABS",J57-K57,J57+K57) -> -2539 | D57: =+IF($A$1="ABS",L57-M57,L57+M57) -> -4280 | E57: =SUM(B57:D57) -> -6022 | F57: =+$F$44/$A$44*A57 -> 25437.007 | H57: =IF(RTD("tos.rtd",,H$43,"."&$A$43&$H$42&"C"&$A57)="N/A",0,RTD("tos.rtd",,H$43,"."&$A$43&$H$42&"C"&$A57)) -> 2021 | I57: =-IF(RTD("tos.rtd",,I$43,"."&$A$43&$H$42&"P"&$A57)="N/A",0,RTD("tos.rtd",,I$43,"."&$A$43&$H$42&"P"&$A57)) -> -1224 | J57: =IF(RTD("tos.rtd",,J$2,"."&$A$43&$J$1&"C"&$A57)="N/A",0,RTD("tos.rtd",,J$2,"."&$A$43&$J$1&"C"&$A57)) -> 807 | K57: =-IF(RTD("tos.rtd",,K$2,"."&$A$43&$J$1&"P"&$A57)="N/A",0,RTD("tos.rtd",,K$2,"."&$A$43&$J$1&"P"&$A57)) -> -3346 | L57: =IF(RTD("tos.rtd",,L$2,"."&$A$43&$L$1&"C"&$A57)="N/A",0,RTD("tos.rtd",,L$2,"."&$A$43&$L$1&"C"&$A57)) -> 748 | M57: =-IF(RTD("tos.rtd",,M$2,"."&$A$43&$L$1&"P"&$A57)="N/A",0,RTD("tos.rtd",,M$2,"."&$A$43&$L$1&"P"&$A57)) -> -5028 | N57: =SUM(H57:M57) -> -6022 | O57: =+A57 -> 617 | P57: =IF(RTD("tos.rtd",,P$43,"."&$A$43&$H$42&"C"&$A57)="N/A",0,RTD("tos.rtd",,P$43,"."&$A$43&$H$42&"C"&$A57)) -> 7060 | Q57: =-IF(RTD("tos.rtd",,Q$43,"."&$A$43&$H$42&"P"&$A57)="N/A",0,RTD("tos.rtd",,Q$43,"."&$A$43&$H$42&"P"&$A57)) -> -265 | R57: =IF(RTD("tos.rtd",,R$2,"."&$A$43&$J$1&"C"&$A57)="N/A",0,RTD("tos.rtd",,R$2,"."&$A$43&$J$1&"C"&$A57)) -> 1749 | S57: =-IF(RTD("tos.rtd",,S$2,"."&$A$43&$J$1&"P"&$A57)="N/A",0,RTD("tos.rtd",,S$2,"."&$A$43&$J$1&"P"&$A57)) -> -734 | T57: =IF(RTD("tos.rtd",,T$2,"."&$A$43&$L$1&"C"&$A57)="N/A",0,RTD("tos.rtd",,T$2,"."&$A$43&$L$1&"C"&$A57)) -> 349 | U57: =-IF(RTD("tos.rtd",,U$2,"."&$A$43&$L$1&"P"&$A57)="N/A",0,RTD("tos.rtd",,U$2,"."&$A$43&$L$1&"P"&$A57)) -> -4490 | V57: =+Hoja2!Y58 -> 8982 | W57: =SUM(P57:V57) -> 12651
A58: =+A57-$A$39 -> 616 | B58: =+IF($A$1="ABS",H58-I58,H58+I58) -> 223 | C58: =+IF($A$1="ABS",J58-K58,J58+K58) -> -3806 | D58: =+IF($A$1="ABS",L58-M58,L58+M58) -> -1450 | E58: =SUM(B58:D58) -> -5033 | F58: =+$F$44/$A$44*A58 -> 25395.78 | H58: =IF(RTD("tos.rtd",,H$43,"."&$A$43&$H$42&"C"&$A58)="N/A",0,RTD("tos.rtd",,H$43,"."&$A$43&$H$42&"C"&$A58)) -> 1634 | I58: =-IF(RTD("tos.rtd",,I$43,"."&$A$43&$H$42&"P"&$A58)="N/A",0,RTD("tos.rtd",,I$43,"."&$A$43&$H$42&"P"&$A58)) -> -1411 | J58: 1 | K58: =-IF(RTD("tos.rtd",,K$2,"."&$A$43&$J$1&"P"&$A58)="N/A",0,RTD("tos.rtd",,K$2,"."&$A$43&$J$1&"P"&$A58)) -> -3807 | L58: =IF(RTD("tos.rtd",,L$2,"."&$A$43&$L$1&"C"&$A58)="N/A",0,RTD("tos.rtd",,L$2,"."&$A$43&$L$1&"C"&$A58)) -> 1661 | M58: =-IF(RTD("tos.rtd",,M$2,"."&$A$43&$L$1&"P"&$A58)="N/A",0,RTD("tos.rtd",,M$2,"."&$A$43&$L$1&"P"&$A58)) -> -3111 | N58: =SUM(H58:M58) -> -5033 | O58: =+A58 -> 616 | P58: =IF(RTD("tos.rtd",,P$43,"."&$A$43&$H$42&"C"&$A58)="N/A",0,RTD("tos.rtd",,P$43,"."&$A$43&$H$42&"C"&$A58)) -> 6588 | Q58: =-IF(RTD("tos.rtd",,Q$43,"."&$A$43&$H$42&"P"&$A58)="N/A",0,RTD("tos.rtd",,Q$43,"."&$A$43&$H$42&"P"&$A58)) -> -734 | R58: =IF(RTD("tos.rtd",,R$2,"."&$A$43&$J$1&"C"&$A58)="N/A",0,RTD("tos.rtd",,R$2,"."&$A$43&$J$1&"C"&$A58)) -> 1876 | S58: =-IF(RTD("tos.rtd",,S$2,"."&$A$43&$J$1&"P"&$A58)="N/A",0,RTD("tos.rtd",,S$2,"."&$A$43&$J$1&"P"&$A58)) -> -801 | T58: =IF(RTD("tos.rtd",,T$2,"."&$A$43&$L$1&"C"&$A58)="N/A",0,RTD("tos.rtd",,T$2,"."&$A$43&$L$1&"C"&$A58)) -> 336 | U58: =-IF(RTD("tos.rtd",,U$2,"."&$A$43&$L$1&"P"&$A58)="N/A",0,RTD("tos.rtd",,U$2,"."&$A$43&$L$1&"P"&$A58)) -> -129 | V58: =+Hoja2!Y59 -> 9261 | W58: =SUM(P58:V58) -> 16397
A59: =+A58-$A$39 -> 615 | B59: =+IF($A$1="ABS",H59-I59,H59+I59) -> 1356 | C59: =+IF($A$1="ABS",J59-K59,J59+K59) -> -19362 | D59: =+IF($A$1="ABS",L59-M59,L59+M59) -> -18796 | E59: =SUM(B59:D59) -> -36802 | F59: =+$F$44/$A$44*A59 -> 25354.553 | H59: =IF(RTD("tos.rtd",,H$43,"."&$A$43&$H$42&"C"&$A59)="N/A",0,RTD("tos.rtd",,H$43,"."&$A$43&$H$42&"C"&$A59)) -> 3128 | I59: =-IF(RTD("tos.rtd",,I$43,"."&$A$43&$H$42&"P"&$A59)="N/A",0,RTD("tos.rtd",,I$43,"."&$A$43&$H$42&"P"&$A59)) -> -1772 | J59: =IF(RTD("tos.rtd",,J$2,"."&$A$43&$J$1&"C"&$A59)="N/A",0,RTD("tos.rtd",,J$2,"."&$A$43&$J$1&"C"&$A59)) -> 4514 | K59: =-IF(RTD("tos.rtd",,K$2,"."&$A$43&$J$1&"P"&$A59)="N/A",0,RTD("tos.rtd",,K$2,"."&$A$43&$J$1&"P"&$A59)) -> -23876 | L59: =IF(RTD("tos.rtd",,L$2,"."&$A$43&$L$1&"C"&$A59)="N/A",0,RTD("tos.rtd",,L$2,"."&$A$43&$L$1&"C"&$A59)) -> 7846 | M59: =-IF(RTD("tos.rtd",,M$2,"."&$A$43&$L$1&"P"&$A59)="N/A",0,RTD("tos.rtd",,M$2,"."&$A$43&$L$1&"P"&$A59)) -> -26642 | N59: =SUM(H59:M59) -> -36802 | O59: =+A59 -> 615 | P59: =IF(RTD("tos.rtd",,P$43,"."&$A$43&$H$42&"C"&$A59)="N/A",0,RTD("tos.rtd",,P$43,"."&$A$43&$H$42&"C"&$A59)) -> 31315 | Q59: =-IF(RTD("tos.rtd",,Q$43,"."&$A$43&$H$42&"P"&$A59)="N/A",0,RTD("tos.rtd",,Q$43,"."&$A$43&$H$42&"P"&$A59)) -> -1690 | R59: =IF(RTD("tos.rtd",,R$2,"."&$A$43&$J$1&"C"&$A59)="N/A",0,RTD("tos.rtd",,R$2,"."&$A$43&$J$1&"C"&$A59)) -> 13405 | S59: =-IF(RTD("tos.rtd",,S$2,"."&$A$43&$J$1&"P"&$A59)="N/A",0,RTD("tos.rtd",,S$2,"."&$A$43&$J$1&"P"&$A59)) -> -3913 | T59: =IF(RTD("tos.rtd",,T$2,"."&$A$43&$L$1&"C"&$A59)="N/A",0,RTD("tos.rtd",,T$2,"."&$A$43&$L$1&"C"&$A59)) -> 3208 | U59: =-IF(RTD("tos.rtd",,U$2,"."&$A$43&$L$1&"P"&$A59)="N/A",0,RTD("tos.rtd",,U$2,"."&$A$43&$L$1&"P"&$A59)) -> -14440 | V59: =+Hoja2!Y60 -> 50490 | W59: =SUM(P59:V59) -> 78375
A60: =+A59-$A$39 -> 614 | B60: =+IF($A$1="ABS",H60-I60,H60+I60) -> 141 | C60: =+IF($A$1="ABS",J60-K60,J60+K60) -> 438 | D60: =+IF($A$1="ABS",L60-M60,L60+M60) -> 245 | E60: =SUM(B60:D60) -> 824 | F60: =+$F$44/$A$44*A60 -> 25313.327 | H60: =IF(RTD("tos.rtd",,H$43,"."&$A$43&$H$42&"C"&$A60)="N/A",0,RTD("tos.rtd",,H$43,"."&$A$43&$H$42&"C"&$A60)) -> 1437 | I60: =-IF(RTD("tos.rtd",,I$43,"."&$A$43&$H$42&"P"&$A60)="N/A",0,RTD("tos.rtd",,I$43,"."&$A$43&$H$42&"P"&$A60)) -> -1296 | J60: =IF(RTD("tos.rtd",,J$2,"."&$A$43&$J$1&"C"&$A60)="N/A",0,RTD("tos.rtd",,J$2,"."&$A$43&$J$1&"C"&$A60)) -> 1002 | K60: =-IF(RTD("tos.rtd",,K$2,"."&$A$43&$J$1&"P"&$A60)="N/A",0,RTD("tos.rtd",,K$2,"."&$A$43&$J$1&"P"&$A60)) -> -564 | L60: =IF(RTD("tos.rtd",,L$2,"."&$A$43&$L$1&"C"&$A60)="N/A",0,RTD("tos.rtd",,L$2,"."&$A$43&$L$1&"C"&$A60)) -> 1516 | M60: =-IF(RTD("tos.rtd",,M$2,"."&$A$43&$L$1&"P"&$A60)="N/A",0,RTD("tos.rtd",,M$2,"."&$A$43&$L$1&"P"&$A60)) -> -1271 | N60: =SUM(H60:M60) -> 824 | O60: =+A60 -> 614 | P60: =IF(RTD("tos.rtd",,P$43,"."&$A$43&$H$42&"C"&$A60)="N/A",0,RTD("tos.rtd",,P$43,"."&$A$43&$H$42&"C"&$A60)) -> 29389 | Q60: =-IF(RTD("tos.rtd",,Q$43,"."&$A$43&$H$42&"P"&$A60)="N/A",0,RTD("tos.rtd",,Q$43,"."&$A$43&$H$42&"P"&$A60)) -> -1183 | R60: =IF(RTD("tos.rtd",,R$2,"."&$A$43&$J$1&"C"&$A60)="N/A",0,RTD("tos.rtd",,R$2,"."&$A$43&$J$1&"C"&$A60)) -> 1796 | S60: =-IF(RTD("tos.rtd",,S$2,"."&$A$43&$J$1&"P"&$A60)="N/A",0,RTD("tos.rtd",,S$2,"."&$A$43&$J$1&"P"&$A60)) -> -386 | T60: =IF(RTD("tos.rtd",,T$2,"."&$A$43&$L$1&"C"&$A60)="N/A",0,RTD("tos.rtd",,T$2,"."&$A$43&$L$1&"C"&$A60)) -> 320 | U60: =-IF(RTD("tos.rtd",,U$2,"."&$A$43&$L$1&"P"&$A60)="N/A",0,RTD("tos.rtd",,U$2,"."&$A$43&$L$1&"P"&$A60)) -> -288 | V60: =+Hoja2!Y61 -> 30483 | W60: =SUM(P60:V60) -> 60131
A61: =+A60-$A$39 -> 613 | B61: =+IF($A$1="ABS",H61-I61,H61+I61) -> 2140 | C61: =+IF($A$1="ABS",J61-K61,J61+K61) -> 470 | D61: =+IF($A$1="ABS",L61-M61,L61+M61) -> -1792 | E61: =SUM(B61:D61) -> 818 | F61: =+$F$44/$A$44*A61 -> 25272.1 | H61: =IF(RTD("tos.rtd",,H$43,"."&$A$43&$H$42&"C"&$A61)="N/A",0,RTD("tos.rtd",,H$43,"."&$A$43&$H$42&"C"&$A61)) -> 3174 | I61: =-IF(RTD("tos.rtd",,I$43,"."&$A$43&$H$42&"P"&$A61)="N/A",0,RTD("tos.rtd",,I$43,"."&$A$43&$H$42&"P"&$A61)) -> -1034 | J61: =IF(RTD("tos.rtd",,J$2,"."&$A$43&$J$1&"C"&$A61)="N/A",0,RTD("tos.rtd",,J$2,"."&$A$43&$J$1&"C"&$A61)) -> 1950 | K61: =-IF(RTD("tos.rtd",,K$2,"."&$A$43&$J$1&"P"&$A61)="N/A",0,RTD("tos.rtd",,K$2,"."&$A$43&$J$1&"P"&$A61)) -> -1480 | L61: =IF(RTD("tos.rtd",,L$2,"."&$A$43&$L$1&"C"&$A61)="N/A",0,RTD("tos.rtd",,L$2,"."&$A$43&$L$1&"C"&$A61)) -> 637 | M61: =-IF(RTD("tos.rtd",,M$2,"."&$A$43&$L$1&"P"&$A61)="N/A",0,RTD("tos.rtd",,M$2,"."&$A$43&$L$1&"P"&$A61)) -> -2429 | N61: =SUM(H61:M61) -> 818 | O61: =+A61 -> 613 | P61: =IF(RTD("tos.rtd",,P$43,"."&$A$43&$H$42&"C"&$A61)="N/A",0,RTD("tos.rtd",,P$43,"."&$A$43&$H$42&"C"&$A61)) -> 9578 | Q61: =-IF(RTD("tos.rtd",,Q$43,"."&$A$43&$H$42&"P"&$A61)="N/A",0,RTD("tos.rtd",,Q$43,"."&$A$43&$H$42&"P"&$A61)) -> -843 | R61: =IF(RTD("tos.rtd",,R$2,"."&$A$43&$J$1&"C"&$A61)="N/A",0,RTD("tos.rtd",,R$2,"."&$A$43&$J$1&"C"&$A61)) -> 5373 | S61: =-IF(RTD("tos.rtd",,S$2,"."&$A$43&$J$1&"P"&$A61)="N/A",0,RTD("tos.rtd",,S$2,"."&$A$43&$J$1&"P"&$A61)) -> -1743 | T61: =IF(RTD("tos.rtd",,T$2,"."&$A$43&$L$1&"C"&$A61)="N/A",0,RTD("tos.rtd",,T$2,"."&$A$43&$L$1&"C"&$A61)) -> 439 | U61: =-IF(RTD("tos.rtd",,U$2,"."&$A$43&$L$1&"P"&$A61)="N/A",0,RTD("tos.rtd",,U$2,"."&$A$43&$L$1&"P"&$A61)) -> -233 | V61: =+Hoja2!Y62 -> 16084 | W61: =SUM(P61:V61) -> 28655
A62: =+A61-$A$39 -> 612 | B62: =+IF($A$1="ABS",H62-I62,H62+I62) -> 113 | C62: =+IF($A$1="ABS",J62-K62,J62+K62) -> -118 | D62: =+IF($A$1="ABS",L62-M62,L62+M62) -> -1397 | E62: =SUM(B62:D62) -> -1402 | F62: =+$F$44/$A$44*A62 -> 25230.873 | H62: =IF(RTD("tos.rtd",,H$43,"."&$A$43&$H$42&"C"&$A62)="N/A",0,RTD("tos.rtd",,H$43,"."&$A$43&$H$42&"C"&$A62)) -> 2258 | I62: =-IF(RTD("tos.rtd",,I$43,"."&$A$43&$H$42&"P"&$A62)="N/A",0,RTD("tos.rtd",,I$43,"."&$A$43&$H$42&"P"&$A62)) -> -2145 | J62: =IF(RTD("tos.rtd",,J$2,"."&$A$43&$J$1&"C"&$A62)="N/A",0,RTD("tos.rtd",,J$2,"."&$A$43&$J$1&"C"&$A62)) -> 1706 | K62: =-IF(RTD("tos.rtd",,K$2,"."&$A$43&$J$1&"P"&$A62)="N/A",0,RTD("tos.rtd",,K$2,"."&$A$43&$J$1&"P"&$A62)) -> -1824 | L62: =IF(RTD("tos.rtd",,L$2,"."&$A$43&$L$1&"C"&$A62)="N/A",0,RTD("tos.rtd",,L$2,"."&$A$43&$L$1&"C"&$A62)) -> 2708 | M62: =-IF(RTD("tos.rtd",,M$2,"."&$A$43&$L$1&"P"&$A62)="N/A",0,RTD("tos.rtd",,M$2,"."&$A$43&$L$1&"P"&$A62)) -> -4105 | N62: =SUM(H62:M62) -> -1402 | O62: =+A62 -> 612 | P62: =IF(RTD("tos.rtd",,P$43,"."&$A$43&$H$42&"C"&$A62)="N/A",0,RTD("tos.rtd",,P$43,"."&$A$43&$H$42&"C"&$A62)) -> 19483 | Q62: =-IF(RTD("tos.rtd",,Q$43,"."&$A$43&$H$42&"P"&$A62)="N/A",0,RTD("tos.rtd",,Q$43,"."&$A$43&$H$42&"P"&$A62)) -> -2844 | R62: =IF(RTD("tos.rtd",,R$2,"."&$A$43&$J$1&"C"&$A62)="N/A",0,RTD("tos.rtd",,R$2,"."&$A$43&$J$1&"C"&$A62)) -> 2899 | S62: =-IF(RTD("tos.rtd",,S$2,"."&$A$43&$J$1&"P"&$A62)="N/A",0,RTD("tos.rtd",,S$2,"."&$A$43&$J$1&"P"&$A62)) -> -750 | T62: =IF(RTD("tos.rtd",,T$2,"."&$A$43&$L$1&"C"&$A62)="N/A",0,RTD("tos.rtd",,T$2,"."&$A$43&$L$1&"C"&$A62)) -> 1329 | U62: =-IF(RTD("tos.rtd",,U$2,"."&$A$43&$L$1&"P"&$A62)="N/A",0,RTD("tos.rtd",,U$2,"."&$A$43&$L$1&"P"&$A62)) -> -1458 | V62: =+Hoja2!Y63 -> 21610 | W62: =SUM(P62:V62) -> 40269
A63: =+A62-$A$39 -> 611 | B63: =+IF($A$1="ABS",H63-I63,H63+I63) -> 653 | C63: =+IF($A$1="ABS",J63-K63,J63+K63) -> -160 | D63: =+IF($A$1="ABS",L63-M63,L63+M63) -> -3001 | E63: =SUM(B63:D63) -> -2508 | F63: =+$F$44/$A$44*A63 -> 25189.646 | H63: =IF(RTD("tos.rtd",,H$43,"."&$A$43&$H$42&"C"&$A63)="N/A",0,RTD("tos.rtd",,H$43,"."&$A$43&$H$42&"C"&$A63)) -> 1355 | I63: =-IF(RTD("tos.rtd",,I$43,"."&$A$43&$H$42&"P"&$A63)="N/A",0,RTD("tos.rtd",,I$43,"."&$A$43&$H$42&"P"&$A63)) -> -702 | J63: =IF(RTD("tos.rtd",,J$2,"."&$A$43&$J$1&"C"&$A63)="N/A",0,RTD("tos.rtd",,J$2,"."&$A$43&$J$1&"C"&$A63)) -> 576 | K63: =-IF(RTD("tos.rtd",,K$2,"."&$A$43&$J$1&"P"&$A63)="N/A",0,RTD("tos.rtd",,K$2,"."&$A$43&$J$1&"P"&$A63)) -> -736 | L63: =IF(RTD("tos.rtd",,L$2,"."&$A$43&$L$1&"C"&$A63)="N/A",0,RTD("tos.rtd",,L$2,"."&$A$43&$L$1&"C"&$A63)) -> 1416 | M63: =-IF(RTD("tos.rtd",,M$2,"."&$A$43&$L$1&"P"&$A63)="N/A",0,RTD("tos.rtd",,M$2,"."&$A$43&$L$1&"P"&$A63)) -> -4417 | N63: =SUM(H63:M63) -> -2508 | O63: =+A63 -> 611 | P63: =IF(RTD("tos.rtd",,P$43,"."&$A$43&$H$42&"C"&$A63)="N/A",0,RTD("tos.rtd",,P$43,"."&$A$43&$H$42&"C"&$A63)) -> 12427 | Q63: =-IF(RTD("tos.rtd",,Q$43,"."&$A$43&$H$42&"P"&$A63)="N/A",0,RTD("tos.rtd",,Q$43,"."&$A$43&$H$42&"P"&$A63)) -> -3043 | R63: =IF(RTD("tos.rtd",,R$2,"."&$A$43&$J$1&"C"&$A63)="N/A",0,RTD("tos.rtd",,R$2,"."&$A$43&$J$1&"C"&$A63)) -> 3287 | S63: =-IF(RTD("tos.rtd",,S$2,"."&$A$43&$J$1&"P"&$A63)="N/A",0,RTD("tos.rtd",,S$2,"."&$A$43&$J$1&"P"&$A63)) -> -385 | T63: =IF(RTD("tos.rtd",,T$2,"."&$A$43&$L$1&"C"&$A63)="N/A",0,RTD("tos.rtd",,T$2,"."&$A$43&$L$1&"C"&$A63)) -> 1414 | U63: =-IF(RTD("tos.rtd",,U$2,"."&$A$43&$L$1&"P"&$A63)="N/A",0,RTD("tos.rtd",,U$2,"."&$A$43&$L$1&"P"&$A63)) -> -473 | V63: =+Hoja2!Y64 -> 12684 | W63: =SUM(P63:V63) -> 25911
A64: =+A63-$A$39 -> 610 | B64: =+IF($A$1="ABS",H64-I64,H64+I64) -> -3749 | C64: =+IF($A$1="ABS",J64-K64,J64+K64) -> -34837 | D64: =+IF($A$1="ABS",L64-M64,L64+M64) -> -3677 | E64: =SUM(B64:D64) -> -42263 | F64: =+$F$44/$A$44*A64 -> 25148.419 | H64: =IF(RTD("tos.rtd",,H$43,"."&$A$43&$H$42&"C"&$A64)="N/A",0,RTD("tos.rtd",,H$43,"."&$A$43&$H$42&"C"&$A64)) -> 732 | I64: =-IF(RTD("tos.rtd",,I$43,"."&$A$43&$H$42&"P"&$A64)="N/A",0,RTD("tos.rtd",,I$43,"."&$A$43&$H$42&"P"&$A64)) -> -4481 | J64: =IF(RTD("tos.rtd",,J$2,"."&$A$43&$J$1&"C"&$A64)="N/A",0,RTD("tos.rtd",,J$2,"."&$A$43&$J$1&"C"&$A64)) -> 1386 | K64: =-IF(RTD("tos.rtd",,K$2,"."&$A$43&$J$1&"P"&$A64)="N/A",0,RTD("tos.rtd",,K$2,"."&$A$43&$J$1&"P"&$A64)) -> -36223 | L64: =IF(RTD("tos.rtd",,L$2,"."&$A$43&$L$1&"C"&$A64)="N/A",0,RTD("tos.rtd",,L$2,"."&$A$43&$L$1&"C"&$A64)) -> 19066 | M64: =-IF(RTD("tos.rtd",,M$2,"."&$A$43&$L$1&"P"&$A64)="N/A",0,RTD("tos.rtd",,M$2,"."&$A$43&$L$1&"P"&$A64)) -> -22743 | N64: =SUM(H64:M64) -> -42263 | O64: =+A64 -> 610 | P64: =IF(RTD("tos.rtd",,P$43,"."&$A$43&$H$42&"C"&$A64)="N/A",0,RTD("tos.rtd",,P$43,"."&$A$43&$H$42&"C"&$A64)) -> 63612 | Q64: =-IF(RTD("tos.rtd",,Q$43,"."&$A$43&$H$42&"P"&$A64)="N/A",0,RTD("tos.rtd",,Q$43,"."&$A$43&$H$42&"P"&$A64)) -> -11384 | R64: =IF(RTD("tos.rtd",,R$2,"."&$A$43&$J$1&"C"&$A64)="N/A",0,RTD("tos.rtd",,R$2,"."&$A$43&$J$1&"C"&$A64)) -> 11323 | S64: =-IF(RTD("tos.rtd",,S$2,"."&$A$43&$J$1&"P"&$A64)="N/A",0,RTD("tos.rtd",,S$2,"."&$A$43&$J$1&"P"&$A64)) -> -33995 | T64: =IF(RTD("tos.rtd",,T$2,"."&$A$43&$L$1&"C"&$A64)="N/A",0,RTD("tos.rtd",,T$2,"."&$A$43&$L$1&"C"&$A64)) -> 8481 | U64: =-IF(RTD("tos.rtd",,U$2,"."&$A$43&$L$1&"P"&$A64)="N/A",0,RTD("tos.rtd",,U$2,"."&$A$43&$L$1&"P"&$A64)) -> -6955 | V64: =+Hoja2!Y65 -> 85113 | W64: =SUM(P64:V64) -> 116195
A65: =+A64-$A$39 -> 609 | B65: =+IF($A$1="ABS",H65-I65,H65+I65) -> -509 | C65: =+IF($A$1="ABS",J65-K65,J65+K65) -> -1372 | D65: =+IF($A$1="ABS",L65-M65,L65+M65) -> -2893 | E65: =SUM(B65:D65) -> -4774 | F65: =+$F$44/$A$44*A65 -> 25107.192 | H65: =IF(RTD("tos.rtd",,H$43,"."&$A$43&$H$42&"C"&$A65)="N/A",0,RTD("tos.rtd",,H$43,"."&$A$43&$H$42&"C"&$A65)) -> 298 | I65: =-IF(RTD("tos.rtd",,I$43,"."&$A$43&$H$42&"P"&$A65)="N/A",0,RTD("tos.rtd",,I$43,"."&$A$43&$H$42&"P"&$A65)) -> -807 | J65: =IF(RTD("tos.rtd",,J$2,"."&$A$43&$J$1&"C"&$A65)="N/A",0,RTD("tos.rtd",,J$2,"."&$A$43&$J$1&"C"&$A65)) -> 448 | K65: =-IF(RTD("tos.rtd",,K$2,"."&$A$43&$J$1&"P"&$A65)="N/A",0,RTD("tos.rtd",,K$2,"."&$A$43&$J$1&"P"&$A65)) -> -1820 | L65: =IF(RTD("tos.rtd",,L$2,"."&$A$43&$L$1&"C"&$A65)="N/A",0,RTD("tos.rtd",,L$2,"."&$A$43&$L$1&"C"&$A65)) -> 301 | M65: =-IF(RTD("tos.rtd",,M$2,"."&$A$43&$L$1&"P"&$A65)="N/A",0,RTD("tos.rtd",,M$2,"."&$A$43&$L$1&"P"&$A65)) -> -3194 | N65: =SUM(H65:M65) -> -4774 | O65: =+A65 -> 609 | P65: =IF(RTD("tos.rtd",,P$43,"."&$A$43&$H$42&"C"&$A65)="N/A",0,RTD("tos.rtd",,P$43,"."&$A$43&$H$42&"C"&$A65)) -> 23977 | Q65: =-IF(RTD("tos.rtd",,Q$43,"."&$A$43&$H$42&"P"&$A65)="N/A",0,RTD("tos.rtd",,Q$43,"."&$A$43&$H$42&"P"&$A65)) -> -11865 | R65: =IF(RTD("tos.rtd",,R$2,"."&$A$43&$J$1&"C"&$A65)="N/A",0,RTD("tos.rtd",,R$2,"."&$A$43&$J$1&"C"&$A65)) -> 4255 | S65: =-IF(RTD("tos.rtd",,S$2,"."&$A$43&$J$1&"P"&$A65)="N/A",0,RTD("tos.rtd",,S$2,"."&$A$43&$J$1&"P"&$A65)) -> -709 | T65: =IF(RTD("tos.rtd",,T$2,"."&$A$43&$L$1&"C"&$A65)="N/A",0,RTD("tos.rtd",,T$2,"."&$A$43&$L$1&"C"&$A65)) -> 516 | U65: =-IF(RTD("tos.rtd",,U$2,"."&$A$43&$L$1&"P"&$A65)="N/A",0,RTD("tos.rtd",,U$2,"."&$A$43&$L$1&"P"&$A65)) -> -287 | V65: =+Hoja2!Y66 -> 15835 | W65: =SUM(P65:V65) -> 31722
A66: =+A65-$A$39 -> 608 | B66: =+IF($A$1="ABS",H66-I66,H66+I66) -> -680 | C66: =+IF($A$1="ABS",J66-K66,J66+K66) -> -1469 | D66: =+IF($A$1="ABS",L66-M66,L66+M66) -> 198 | E66: =SUM(B66:D66) -> -1951 | F66: =+$F$44/$A$44*A66 -> 25065.965 | H66: =IF(RTD("tos.rtd",,H$43,"."&$A$43&$H$42&"C"&$A66)="N/A",0,RTD("tos.rtd",,H$43,"."&$A$43&$H$42&"C"&$A66)) -> 230 | I66: =-IF(RTD("tos.rtd",,I$43,"."&$A$43&$H$42&"P"&$A66)="N/A",0,RTD("tos.rtd",,I$43,"."&$A$43&$H$42&"P"&$A66)) -> -910 | J66: =IF(RTD("tos.rtd",,J$2,"."&$A$43&$J$1&"C"&$A66)="N/A",0,RTD("tos.rtd",,J$2,"."&$A$43&$J$1&"C"&$A66)) -> 408 | K66: =-IF(RTD("tos.rtd",,K$2,"."&$A$43&$J$1&"P"&$A66)="N/A",0,RTD("tos.rtd",,K$2,"."&$A$43&$J$1&"P"&$A66)) -> -1877 | L66: =IF(RTD("tos.rtd",,L$2,"."&$A$43&$L$1&"C"&$A66)="N/A",0,RTD("tos.rtd",,L$2,"."&$A$43&$L$1&"C"&$A66)) -> 2881 | M66: =-IF(RTD("tos.rtd",,M$2,"."&$A$43&$L$1&"P"&$A66)="N/A",0,RTD("tos.rtd",,M$2,"."&$A$43&$L$1&"P"&$A66)) -> -2683 | N66: =SUM(H66:M66) -> -1951 | O66: =+A66 -> 608 | P66: =IF(RTD("tos.rtd",,P$43,"."&$A$43&$H$42&"C"&$A66)="N/A",0,RTD("tos.rtd",,P$43,"."&$A$43&$H$42&"C"&$A66)) -> 32463 | Q66: =-IF(RTD("tos.rtd",,Q$43,"."&$A$43&$H$42&"P"&$A66)="N/A",0,RTD("tos.rtd",,Q$43,"."&$A$43&$H$42&"P"&$A66)) -> -21641 | R66: =IF(RTD("tos.rtd",,R$2,"."&$A$43&$J$1&"C"&$A66)="N/A",0,RTD("tos.rtd",,R$2,"."&$A$43&$J$1&"C"&$A66)) -> 4950 | S66: =-IF(RTD("tos.rtd",,S$2,"."&$A$43&$J$1&"P"&$A66)="N/A",0,RTD("tos.rtd",,S$2,"."&$A$43&$J$1&"P"&$A66)) -> -3224 | T66: =IF(RTD("tos.rtd",,T$2,"."&$A$43&$L$1&"C"&$A66)="N/A",0,RTD("tos.rtd",,T$2,"."&$A$43&$L$1&"C"&$A66)) -> 1964 | U66: =-IF(RTD("tos.rtd",,U$2,"."&$A$43&$L$1&"P"&$A66)="N/A",0,RTD("tos.rtd",,U$2,"."&$A$43&$L$1&"P"&$A66)) -> -5499 | V66: =+Hoja2!Y67 -> 16427 | W66: =SUM(P66:V66) -> 25440
A67: =+A66-$A$39 -> 607 | B67: =+IF($A$1="ABS",H67-I67,H67+I67) -> -1230 | C67: =+IF($A$1="ABS",J67-K67,J67+K67) -> -368 | D67: =+IF($A$1="ABS",L67-M67,L67+M67) -> -1280 | E67: =SUM(B67:D67) -> -2878 | F67: =+$F$44/$A$44*A67 -> 25024.738 | H67: =IF(RTD("tos.rtd",,H$43,"."&$A$43&$H$42&"C"&$A67)="N/A",0,RTD("tos.rtd",,H$43,"."&$A$43&$H$42&"C"&$A67)) -> 143 | I67: =-IF(RTD("tos.rtd",,I$43,"."&$A$43&$H$42&"P"&$A67)="N/A",0,RTD("tos.rtd",,I$43,"."&$A$43&$H$42&"P"&$A67)) -> -1373 | J67: =IF(RTD("tos.rtd",,J$2,"."&$A$43&$J$1&"C"&$A67)="N/A",0,RTD("tos.rtd",,J$2,"."&$A$43&$J$1&"C"&$A67)) -> 630 | K67: =-IF(RTD("tos.rtd",,K$2,"."&$A$43&$J$1&"P"&$A67)="N/A",0,RTD("tos.rtd",,K$2,"."&$A$43&$J$1&"P"&$A67)) -> -998 | L67: =IF(RTD("tos.rtd",,L$2,"."&$A$43&$L$1&"C"&$A67)="N/A",0,RTD("tos.rtd",,L$2,"."&$A$43&$L$1&"C"&$A67)) -> 169 | M67: =-IF(RTD("tos.rtd",,M$2,"."&$A$43&$L$1&"P"&$A67)="N/A",0,RTD("tos.rtd",,M$2,"."&$A$43&$L$1&"P"&$A67)) -> -1449 | N67: =SUM(H67:M67) -> -2878 | O67: =+A67 -> 607 | P67: =IF(RTD("tos.rtd",,P$43,"."&$A$43&$H$42&"C"&$A67)="N/A",0,RTD("tos.rtd",,P$43,"."&$A$43&$H$42&"C"&$A67)) -> 23488 | Q67: =-IF(RTD("tos.rtd",,Q$43,"."&$A$43&$H$42&"P"&$A67)="N/A",0,RTD("tos.rtd",,Q$43,"."&$A$43&$H$42&"P"&$A67)) -> -22183 | R67: =IF(RTD("tos.rtd",,R$2,"."&$A$43&$J$1&"C"&$A67)="N/A",0,RTD("tos.rtd",,R$2,"."&$A$43&$J$1&"C"&$A67)) -> 4619 | S67: =-IF(RTD("tos.rtd",,S$2,"."&$A$43&$J$1&"P"&$A67)="N/A",0,RTD("tos.rtd",,S$2,"."&$A$43&$J$1&"P"&$A67)) -> -2019 | T67: =IF(RTD("tos.rtd",,T$2,"."&$A$43&$L$1&"C"&$A67)="N/A",0,RTD("tos.rtd",,T$2,"."&$A$43&$L$1&"C"&$A67)) -> 1189 | U67: =-IF(RTD("tos.rtd",,U$2,"."&$A$43&$L$1&"P"&$A67)="N/A",0,RTD("tos.rtd",,U$2,"."&$A$43&$L$1&"P"&$A67)) -> -984 | V67: =+Hoja2!Y68 -> 5425 | W67: =SUM(P67:V67) -> 9535
A68: =+A67-$A$39 -> 606 | B68: =+IF($A$1="ABS",H68-I68,H68+I68) -> -1077 | C68: =+IF($A$1="ABS",J68-K68,J68+K68) -> -718 | D68: =+IF($A$1="ABS",L68-M68,L68+M68) -> 1966 | E68: =SUM(B68:D68) -> 171 | F68: =+$F$44/$A$44*A68 -> 24983.511 | H68: =IF(RTD("tos.rtd",,H$43,"."&$A$43&$H$42&"C"&$A68)="N/A",0,RTD("tos.rtd",,H$43,"."&$A$43&$H$42&"C"&$A68)) -> 89 | I68: =-IF(RTD("tos.rtd",,I$43,"."&$A$43&$H$42&"P"&$A68)="N/A",0,RTD("tos.rtd",,I$43,"."&$A$43&$H$42&"P"&$A68)) -> -1166 | J68: =IF(RTD("tos.rtd",,J$2,"."&$A$43&$J$1&"C"&$A68)="N/A",0,RTD("tos.rtd",,J$2,"."&$A$43&$J$1&"C"&$A68)) -> 376 | K68: =-IF(RTD("tos.rtd",,K$2,"."&$A$43&$J$1&"P"&$A68)="N/A",0,RTD("tos.rtd",,K$2,"."&$A$43&$J$1&"P"&$A68)) -> -1094 | L68: =IF(RTD("tos.rtd",,L$2,"."&$A$43&$L$1&"C"&$A68)="N/A",0,RTD("tos.rtd",,L$2,"."&$A$43&$L$1&"C"&$A68)) -> 4613 | M68: =-IF(RTD("tos.rtd",,M$2,"."&$A$43&$L$1&"P"&$A68)="N/A",0,RTD("tos.rtd",,M$2,"."&$A$43&$L$1&"P"&$A68)) -> -2647 | N68: =SUM(H68:M68) -> 171 | O68: =+A68 -> 606 | P68: =IF(RTD("tos.rtd",,P$43,"."&$A$43&$H$42&"C"&$A68)="N/A",0,RTD("tos.rtd",,P$43,"."&$A$43&$H$42&"C"&$A68)) -> 26543 | Q68: =-IF(RTD("tos.rtd",,Q$43,"."&$A$43&$H$42&"P"&$A68)="N/A",0,RTD("tos.rtd",,Q$43,"."&$A$43&$H$42&"P"&$A68)) -> -16782 | R68: =IF(RTD("tos.rtd",,R$2,"."&$A$43&$J$1&"C"&$A68)="N/A",0,RTD("tos.rtd",,R$2,"."&$A$43&$J$1&"C"&$A68)) -> 2797 | S68: =-IF(RTD("tos.rtd",,S$2,"."&$A$43&$J$1&"P"&$A68)="N/A",0,RTD("tos.rtd",,S$2,"."&$A$43&$J$1&"P"&$A68)) -> -2876 | T68: =IF(RTD("tos.rtd",,T$2,"."&$A$43&$L$1&"C"&$A68)="N/A",0,RTD("tos.rtd",,T$2,"."&$A$43&$L$1&"C"&$A68)) -> 810 | U68: =-IF(RTD("tos.rtd",,U$2,"."&$A$43&$L$1&"P"&$A68)="N/A",0,RTD("tos.rtd",,U$2,"."&$A$43&$L$1&"P"&$A68)) -> -1762 | V68: =+Hoja2!Y69 -> 9573 | W68: =SUM(P68:V68) -> 18303
A69: =+A68-$A$39 -> 605 | B69: =+IF($A$1="ABS",H69-I69,H69+I69) -> -3000 | C69: =+IF($A$1="ABS",J69-K69,J69+K69) -> -5231 | D69: =+IF($A$1="ABS",L69-M69,L69+M69) -> -5866 | E69: =SUM(B69:D69) -> -14097 | F69: =+$F$44/$A$44*A69 -> 24942.284 | H69: =IF(RTD("tos.rtd",,H$43,"."&$A$43&$H$42&"C"&$A69)="N/A",0,RTD("tos.rtd",,H$43,"."&$A$43&$H$42&"C"&$A69)) -> 111 | I69: =-IF(RTD("tos.rtd",,I$43,"."&$A$43&$H$42&"P"&$A69)="N/A",0,RTD("tos.rtd",,I$43,"."&$A$43&$H$42&"P"&$A69)) -> -3111 | J69: =IF(RTD("tos.rtd",,J$2,"."&$A$43&$J$1&"C"&$A69)="N/A",0,RTD("tos.rtd",,J$2,"."&$A$43&$J$1&"C"&$A69)) -> 1262 | K69: =-IF(RTD("tos.rtd",,K$2,"."&$A$43&$J$1&"P"&$A69)="N/A",0,RTD("tos.rtd",,K$2,"."&$A$43&$J$1&"P"&$A69)) -> -6493 | L69: =IF(RTD("tos.rtd",,L$2,"."&$A$43&$L$1&"C"&$A69)="N/A",0,RTD("tos.rtd",,L$2,"."&$A$43&$L$1&"C"&$A69)) -> 10694 | M69: =-IF(RTD("tos.rtd",,M$2,"."&$A$43&$L$1&"P"&$A69)="N/A",0,RTD("tos.rtd",,M$2,"."&$A$43&$L$1&"P"&$A69)) -> -16560 | N69: =SUM(H69:M69) -> -14097 | O69: =+A69 -> 605 | P69: =IF(RTD("tos.rtd",,P$43,"."&$A$43&$H$42&"C"&$A69)="N/A",0,RTD("tos.rtd",,P$43,"."&$A$43&$H$42&"C"&$A69)) -> 50804 | Q69: =-IF(RTD("tos.rtd",,Q$43,"."&$A$43&$H$42&"P"&$A69)="N/A",0,RTD("tos.rtd",,Q$43,"."&$A$43&$H$42&"P"&$A69)) -> -27668 | R69: =IF(RTD("tos.rtd",,R$2,"."&$A$43&$J$1&"C"&$A69)="N/A",0,RTD("tos.rtd",,R$2,"."&$A$43&$J$1&"C"&$A69)) -> 9850 | S69: =-IF(RTD("tos.rtd",,S$2,"."&$A$43&$J$1&"P"&$A69)="N/A",0,RTD("tos.rtd",,S$2,"."&$A$43&$J$1&"P"&$A69)) -> -39168 | T69: =IF(RTD("tos.rtd",,T$2,"."&$A$43&$L$1&"C"&$A69)="N/A",0,RTD("tos.rtd",,T$2,"."&$A$43&$L$1&"C"&$A69)) -> 6072 | U69: =-IF(RTD("tos.rtd",,U$2,"."&$A$43&$L$1&"P"&$A69)="N/A",0,RTD("tos.rtd",,U$2,"."&$A$43&$L$1&"P"&$A69)) -> -7954 | V69: =+Hoja2!Y70 -> 26367 | W69: =SUM(P69:V69) -> 18303
A70: =+A69-$A$39 -> 604 | B70: =+IF($A$1="ABS",H70-I70,H70+I70) -> -676 | C70: =+IF($A$1="ABS",J70-K70,J70+K70) -> -458 | D70: =+IF($A$1="ABS",L70-M70,L70+M70) -> -225 | E70: =SUM(B70:D70) -> -1359 | F70: =+$F$44/$A$44*A70 -> 24901.057 | H70: =IF(RTD("tos.rtd",,H$43,"."&$A$43&$H$42&"C"&$A70)="N/A",0,RTD("tos.rtd",,H$43,"."&$A$43&$H$42&"C"&$A70)) -> 25 | I70: =-IF(RTD("tos.rtd",,I$43,"."&$A$43&$H$42&"P"&$A70)="N/A",0,RTD("tos.rtd",,I$43,"."&$A$43&$H$42&"P"&$A70)) -> -701 | J70: =IF(RTD("tos.rtd",,J$2,"."&$A$43&$J$1&"C"&$A70)="N/A",0,RTD("tos.rtd",,J$2,"."&$A$43&$J$1&"C"&$A70)) -> 393 | K70: =-IF(RTD("tos.rtd",,K$2,"."&$A$43&$J$1&"P"&$A70)="N/A",0,RTD("tos.rtd",,K$2,"."&$A$43&$J$1&"P"&$A70)) -> -851 | L70: =IF(RTD("tos.rtd",,L$2,"."&$A$43&$L$1&"C"&$A70)="N/A",0,RTD("tos.rtd",,L$2,"."&$A$43&$L$1&"C"&$A70)) -> 5155 | M70: =-IF(RTD("tos.rtd",,M$2,"."&$A$43&$L$1&"P"&$A70)="N/A",0,RTD("tos.rtd",,M$2,"."&$A$43&$L$1&"P"&$A70)) -> -5380 | N70: =SUM(H70:M70) -> -1359 | O70: =+A70 -> 604 | P70: =IF(RTD("tos.rtd",,P$43,"."&$A$43&$H$42&"C"&$A70)="N/A",0,RTD("tos.rtd",,P$43,"."&$A$43&$H$42&"C"&$A70)) -> 25819 | Q70: =-IF(RTD("tos.rtd",,Q$43,"."&$A$43&$H$42&"P"&$A70)="N/A",0,RTD("tos.rtd",,Q$43,"."&$A$43&$H$42&"P"&$A70)) -> -26216 | R70: =IF(RTD("tos.rtd",,R$2,"."&$A$43&$J$1&"C"&$A70)="N/A",0,RTD("tos.rtd",,R$2,"."&$A$43&$J$1&"C"&$A70)) -> 2609 | S70: =-IF(RTD("tos.rtd",,S$2,"."&$A$43&$J$1&"P"&$A70)="N/A",0,RTD("tos.rtd",,S$2,"."&$A$43&$J$1&"P"&$A70)) -> -3216 | T70: =IF(RTD("tos.rtd",,T$2,"."&$A$43&$L$1&"C"&$A70)="N/A",0,RTD("tos.rtd",,T$2,"."&$A$43&$L$1&"C"&$A70)) -> 629 | U70: =-IF(RTD("tos.rtd",,U$2,"."&$A$43&$L$1&"P"&$A70)="N/A",0,RTD("tos.rtd",,U$2,"."&$A$43&$L$1&"P"&$A70)) -> -2350 | V70: =+Hoja2!Y71 -> 374 | W70: =SUM(P70:V70) -> -2351
... A79: =+A78-$A$39 -> 595 | B79: =+IF($A$1="ABS",H79-I79,H79+I79) -> -3819 | C79: =+IF($A$1="ABS",J79-K79,J79+K79) -> -7134 | D79: =+IF($A$1="ABS",L79-M79,L79+M79) -> -10253 | E79: =SUM(B79:D79) -> -21206 | F79: =+$F$44/$A$44*A79 -> 24530.015 | H79: =IF(RTD("tos.rtd",,H$43,"."&$A$43&$H$42&"C"&$A79)="N/A",0,RTD("tos.rtd",,H$43,"."&$A$43&$H$42&"C"&$A79)) -> 84 | I79: =-IF(RTD("tos.rtd",,I$43,"."&$A$43&$H$42&"P"&$A79)="N/A",0,RTD("tos.rtd",,I$43,"."&$A$43&$H$42&"P"&$A79)) -> -3903 | J79: =IF(RTD("tos.rtd",,J$2,"."&$A$43&$J$1&"C"&$A79)="N/A",0,RTD("tos.rtd",,J$2,"."&$A$43&$J$1&"C"&$A79)) -> 288 | K79: =-IF(RTD("tos.rtd",,K$2,"."&$A$43&$J$1&"P"&$A79)="N/A",0,RTD("tos.rtd",,K$2,"."&$A$43&$J$1&"P"&$A79)) -> -7422 | L79: =IF(RTD("tos.rtd",,L$2,"."&$A$43&$L$1&"C"&$A79)="N/A",0,RTD("tos.rtd",,L$2,"."&$A$43&$L$1&"C"&$A79)) -> 6349 | M79: =-IF(RTD("tos.rtd",,M$2,"."&$A$43&$L$1&"P"&$A79)="N/A",0,RTD("tos.rtd",,M$2,"."&$A$43&$L$1&"P"&$A79)) -> -16602 | N79: =SUM(H79:M79) -> -21206 | O79: =+A79 -> 595 | P79: =IF(RTD("tos.rtd",,P$43,"."&$A$43&$H$42&"C"&$A79)="N/A",0,RTD("tos.rtd",,P$43,"."&$A$43&$H$42&"C"&$A79)) -> 2175 | Q79: =-IF(RTD("tos.rtd",,Q$43,"."&$A$43&$H$42&"P"&$A79)="N/A",0,RTD("tos.rtd",,Q$43,"."&$A$43&$H$42&"P"&$A79)) -> -25235 | R79: =IF(RTD("tos.rtd",,R$2,"."&$A$43&$J$1&"C"&$A79)="N/A",0,RTD("tos.rtd",,R$2,"."&$A$43&$J$1&"C"&$A79)) -> 742 | S79: =-IF(RTD("tos.rtd",,S$2,"."&$A$43&$J$1&"P"&$A79)="N/A",0,RTD("tos.rtd",,S$2,"."&$A$43&$J$1&"P"&$A79)) -> -15816 | T79: =IF(RTD("tos.rtd",,T$2,"."&$A$43&$L$1&"C"&$A79)="N/A",0,RTD("tos.rtd",,T$2,"."&$A$43&$L$1&"C"&$A79)) -> 202 | U79: =-IF(RTD("tos.rtd",,U$2,"."&$A$43&$L$1&"P"&$A79)="N/A",0,RTD("tos.rtd",,U$2,"."&$A$43&$L$1&"P"&$A79)) -> -15997 | V79: =+Hoja2!Y80 -> -43687 | W79: =SUM(P79:V79) -> -97616
B80: =MAX(B45:B79)/2 -> 1140.5 | C80: =MAX(C45:C79)/2 -> 336.5 | D80: =MAX(D45:D79)/2 -> 3148 | E80: =MAX(E45:E79)/2 -> 3623 | H80: CALL | I80: PUTS | J80: CALL | K80: PUTS | L80: CALL | M80: PUTS | P80: CALL | Q80: PUTS | R80: CALL | S80: PUTS | T80: CALL | U80: PUTS | W80: =MIN(W45:W79) -> -181344
A81: 5 | D81: =+F84-57 -> 6708 | E81: 6600
A82: SPX | B82: SPXW | C82: SPXW | D82: SPX | E82: =RTD("tos.rtd", ,"MARK", A83) -> 6728.8 | F82: =+[3]Sheet1!$AD$2 -> 6247.6751 | H82: =+B83 -> 251110 | J82: =+C83 -> 251114 | L82: =+D83 -> 251121 | P82: =+B83 -> 251110 | Q82: =+P82 -> 251110 | R82: =+C83 -> 251114 | S82: =+C83 -> 251114 | T82: =+D83 -> 251121 | U82: =+T82 -> 251121 | W82: =MAX(W85:W130) -> 33765
A83: SPX | B83: =+B2 -> 251110 | C83: =+C2 -> 251114 | D83: =+D2 -> 251121 | F83: /ES:XCME | H83: OPEN_INT | I83: OPEN_INT | J83: OPEN_INT | K83: OPEN_INT | L83: OPEN_INT | M83: OPEN_INT | P83: VOLUME | Q83: VOLUME | R83: VOLUME | S83: VOLUME | T83: VOLUME | U83: VOLUME | W83: NET VOL
A84: =+E82 -> 6728.8 | B84: =+H84/I84 -> -0.40918027 | C84: =+J84/K84 -> -0.58385379 | D84: =+L84/M84 -> -1.104209 | E84: 0 | F84: =RTD("tos.rtd", ,"MARK", F83) -> 6765 | H84: =SUM(H85:H130) -> 13737 | I84: =SUM(I85:I130) -> -33572 | J84: =SUM(J85:J130) -> 22810 | K84: =SUM(K85:K130) -> -39068 | L84: =SUM(L85:L130) -> 116875 | M84: =SUM(M85:M130) -> -105845 | N84: =SUM(N85:N130) -> -25063 | O84: 0 | P84: =SUM(P85:P130) -> 146876 | Q84: =SUM(Q85:Q130) -> -128940 | R84: =SUM(R85:R130) -> 41449 | S84: =SUM(S85:S130) -> -22821 | T84: =SUM(T85:T130) -> 15127 | U84: =SUM(U85:U130) -> -9449 | W84: =SUM(W85:W130) -> 76525
A85: =ROUND(E82/A81,0)*A81+22*A81 -> 6840 | B85: =+IF($A$1="ABS",H85-I85,H85+I85) -> 331 | C85: =+IF($A$1="ABS",J85-K85,J85+K85) -> 229 | D85: =+IF($A$1="ABS",L85-M85,L85+M85) -> 213 | E85: =SUM(B85:D85) -> 773 | F85: =+$F$84/$A$84*A85 -> 6876.7982 | H85: =IF(RTD("tos.rtd",,H$83,"."&$B$82&$H$82&"C"&$A85)="N/A",0,RTD("tos.rtd",,H$83,"."&$B$82&$H$82&"C"&$A85)) -> 572 | I85: =-IF(RTD("tos.rtd",,I$83,"."&$B$82&$H$82&"P"&$A85)="N/A",0,RTD("tos.rtd",,I$83,"."&$B$82&$H$82&"P"&$A85)) -> -241 | J85: =IF(RTD("tos.rtd",,J$83,"."&$C$82&$J$82&"C"&$A85)="N/A",0,RTD("tos.rtd",,J$83,"."&$C$82&$J$82&"C"&$A85)) -> 560 | K85: =-IF(RTD("tos.rtd",,K$83,"."&$C$82&$J$82&"P"&$A85)="N/A",0,RTD("tos.rtd",,K$83,"."&$C$82&$J$82&"P"&$A85)) -> -331 | L85: =IF(RTD("tos.rtd",,L$83,"."&$D$82&$L$82&"C"&$A85)="N/A",0,RTD("tos.rtd",,L$83,"."&$D$82&$L$82&"C"&$A85)) -> 456 | M85: =-IF(RTD("tos.rtd",,M$83,"."&$D$82&$L$82&"P"&$A85)="N/A",0,RTD("tos.rtd",,M$83,"."&$D$82&$L$82&"P"&$A85)) -> -243 | N85: =SUM(H85:M85) -> 773 | O85: =+A85 -> 6840 | P85: =IF(RTD("tos.rtd",,P$83,"."&$B$82&$H$82&"C"&$A85)="N/A",0,RTD("tos.rtd",,P$83,"."&$B$82&$H$82&"C"&$A85)) -> 982 | Q85: =-IF(RTD("tos.rtd",,Q$83,"."&$B$82&$H$82&"P"&$A85)="N/A",0,RTD("tos.rtd",,Q$83,"."&$B$82&$H$82&"P"&$A85)) -> -170 | R85: =IF(RTD("tos.rtd",,R$83,"."&$C$82&$J$82&"C"&$A85)="N/A",0,RTD("tos.rtd",,R$83,"."&$C$82&$J$82&"C"&$A85)) -> 649 | S85: =-IF(RTD("tos.rtd",,S$83,"."&$C$82&$J$82&"P"&$A85)="N/A",0,RTD("tos.rtd",,S$83,"."&$C$82&$J$82&"P"&$A85)) -> -15 | T85: =IF(RTD("tos.rtd",,T$83,"."&$D$82&$L$82&"C"&$A85)="N/A",0,RTD("tos.rtd",,T$83,"."&$D$82&$L$82&"C"&$A85)) -> 45 | U85: =-IF(RTD("tos.rtd",,U$83,"."&$D$82&$L$82&"P"&$A85)="N/A",0,RTD("tos.rtd",,U$83,"."&$D$82&$L$82&"P"&$A85)) -> -6 | V85: =+Hoja2!Y86 -> 2816 | W85: =SUM(P85:U85) -> 1485
A86: =+A85-$A$81 -> 6835 | B86: =+IF($A$1="ABS",H86-I86,H86+I86) -> 137 | C86: =+IF($A$1="ABS",J86-K86,J86+K86) -> 224 | D86: =+IF($A$1="ABS",L86-M86,L86+M86) -> 156 | E86: =SUM(B86:D86) -> 517 | F86: =+$F$84/$A$84*A86 -> 6871.7713 | H86: =IF(RTD("tos.rtd",,H$83,"."&$B$82&$H$82&"C"&$A86)="N/A",0,RTD("tos.rtd",,H$83,"."&$B$82&$H$82&"C"&$A86)) -> 262 | I86: =-IF(RTD("tos.rtd",,I$83,"."&$B$82&$H$82&"P"&$A86)="N/A",0,RTD("tos.rtd",,I$83,"."&$B$82&$H$82&"P"&$A86)) -> -125 | J86: =IF(RTD("tos.rtd",,J$83,"."&$C$82&$J$82&"C"&$A86)="N/A",0,RTD("tos.rtd",,J$83,"."&$C$82&$J$82&"C"&$A86)) -> 341 | K86: =-IF(RTD("tos.rtd",,K$83,"."&$C$82&$J$82&"P"&$A86)="N/A",0,RTD("tos.rtd",,K$83,"."&$C$82&$J$82&"P"&$A86)) -> -117 | L86: =IF(RTD("tos.rtd",,L$83,"."&$D$82&$L$82&"C"&$A86)="N/A",0,RTD("tos.rtd",,L$83,"."&$D$82&$L$82&"C"&$A86)) -> 233 | M86: =-IF(RTD("tos.rtd",,M$83,"."&$D$82&$L$82&"P"&$A86)="N/A",0,RTD("tos.rtd",,M$83,"."&$D$82&$L$82&"P"&$A86)) -> -77 | N86: =SUM(H86:M86) -> 517 | O86: =+A86 -> 6835 | P86: =IF(RTD("tos.rtd",,P$83,"."&$B$82&$H$82&"C"&$A86)="N/A",0,RTD("tos.rtd",,P$83,"."&$B$82&$H$82&"C"&$A86)) -> 1712 | Q86: =-IF(RTD("tos.rtd",,Q$83,"."&$B$82&$H$82&"P"&$A86)="N/A",0,RTD("tos.rtd",,Q$83,"."&$B$82&$H$82&"P"&$A86)) -> -63 | R86: =IF(RTD("tos.rtd",,R$83,"."&$C$82&$J$82&"C"&$A86)="N/A",0,RTD("tos.rtd",,R$83,"."&$C$82&$J$82&"C"&$A86)) -> 683 | S86: =-IF(RTD("tos.rtd",,S$83,"."&$C$82&$J$82&"P"&$A86)="N/A",0,RTD("tos.rtd",,S$83,"."&$C$82&$J$82&"P"&$A86)) -> -23 | T86: =IF(RTD("tos.rtd",,T$83,"."&$D$82&$L$82&"C"&$A86)="N/A",0,RTD("tos.rtd",,T$83,"."&$D$82&$L$82&"C"&$A86)) -> 25 | U86: =-IF(RTD("tos.rtd",,U$83,"."&$D$82&$L$82&"P"&$A86)="N/A",0,RTD("tos.rtd",,U$83,"."&$D$82&$L$82&"P"&$A86)) -> -3 | V86: =+Hoja2!Y87 -> 2855 | W86: =SUM(P86:V86) -> 5186
A87: =+A86-$A$81 -> 6830 | B87: =+IF($A$1="ABS",H87-I87,H87+I87) -> 177 | C87: =+IF($A$1="ABS",J87-K87,J87+K87) -> 4465 | D87: =+IF($A$1="ABS",L87-M87,L87+M87) -> 48 | E87: =SUM(B87:D87) -> 4690 | F87: =+$F$84/$A$84*A87 -> 6866.7444 | H87: =IF(RTD("tos.rtd",,H$83,"."&$B$82&$H$82&"C"&$A87)="N/A",0,RTD("tos.rtd",,H$83,"."&$B$82&$H$82&"C"&$A87)) -> 482 | I87: =-IF(RTD("tos.rtd",,I$83,"."&$B$82&$H$82&"P"&$A87)="N/A",0,RTD("tos.rtd",,I$83,"."&$B$82&$H$82&"P"&$A87)) -> -305 | J87: =IF(RTD("tos.rtd",,J$83,"."&$C$82&$J$82&"C"&$A87)="N/A",0,RTD("tos.rtd",,J$83,"."&$C$82&$J$82&"C"&$A87)) -> 4717 | K87: =-IF(RTD("tos.rtd",,K$83,"."&$C$82&$J$82&"P"&$A87)="N/A",0,RTD("tos.rtd",,K$83,"."&$C$82&$J$82&"P"&$A87)) -> -252 | L87: =IF(RTD("tos.rtd",,L$83,"."&$D$82&$L$82&"C"&$A87)="N/A",0,RTD("tos.rtd",,L$83,"."&$D$82&$L$82&"C"&$A87)) -> 621 | M87: =-IF(RTD("tos.rtd",,M$83,"."&$D$82&$L$82&"P"&$A87)="N/A",0,RTD("tos.rtd",,M$83,"."&$D$82&$L$82&"P"&$A87)) -> -573 | N87: =SUM(H87:M87) -> 4690 | O87: =+A87 -> 6830 | P87: =IF(RTD("tos.rtd",,P$83,"."&$B$82&$H$82&"C"&$A87)="N/A",0,RTD("tos.rtd",,P$83,"."&$B$82&$H$82&"C"&$A87)) -> 3098 | Q87: =-IF(RTD("tos.rtd",,Q$83,"."&$B$82&$H$82&"P"&$A87)="N/A",0,RTD("tos.rtd",,Q$83,"."&$B$82&$H$82&"P"&$A87)) -> -171 | R87: =IF(RTD("tos.rtd",,R$83,"."&$C$82&$J$82&"C"&$A87)="N/A",0,RTD("tos.rtd",,R$83,"."&$C$82&$J$82&"C"&$A87)) -> 5375 | S87: =-IF(RTD("tos.rtd",,S$83,"."&$C$82&$J$82&"P"&$A87)="N/A",0,RTD("tos.rtd",,S$83,"."&$C$82&$J$82&"P"&$A87)) -> -71 | T87: =IF(RTD("tos.rtd",,T$83,"."&$D$82&$L$82&"C"&$A87)="N/A",0,RTD("tos.rtd",,T$83,"."&$D$82&$L$82&"C"&$A87)) -> 177 | U87: =-IF(RTD("tos.rtd",,U$83,"."&$D$82&$L$82&"P"&$A87)="N/A",0,RTD("tos.rtd",,U$83,"."&$D$82&$L$82&"P"&$A87)) -> -62 | V87: =+Hoja2!Y88 -> 5014 | W87: =SUM(P87:V87) -> 13360
A88: =+A87-$A$81 -> 6825 | B88: =+IF($A$1="ABS",H88-I88,H88+I88) -> -150 | C88: =+IF($A$1="ABS",J88-K88,J88+K88) -> 974 | D88: =+IF($A$1="ABS",L88-M88,L88+M88) -> 1816 | E88: =SUM(B88:D88) -> 2640 | F88: =+$F$84/$A$84*A88 -> 6861.7175 | H88: =IF(RTD("tos.rtd",,H$83,"."&$B$82&$H$82&"C"&$A88)="N/A",0,RTD("tos.rtd",,H$83,"."&$B$82&$H$82&"C"&$A88)) -> 547 | I88: =-IF(RTD("tos.rtd",,I$83,"."&$B$82&$H$82&"P"&$A88)="N/A",0,RTD("tos.rtd",,I$83,"."&$B$82&$H$82&"P"&$A88)) -> -697 | J88: =IF(RTD("tos.rtd",,J$83,"."&$C$82&$J$82&"C"&$A88)="N/A",0,RTD("tos.rtd",,J$83,"."&$C$82&$J$82&"C"&$A88)) -> 1284 | K88: =-IF(RTD("tos.rtd",,K$83,"."&$C$82&$J$82&"P"&$A88)="N/A",0,RTD("tos.rtd",,K$83,"."&$C$82&$J$82&"P"&$A88)) -> -310 | L88: =IF(RTD("tos.rtd",,L$83,"."&$D$82&$L$82&"C"&$A88)="N/A",0,RTD("tos.rtd",,L$83,"."&$D$82&$L$82&"C"&$A88)) -> 3634 | M88: =-IF(RTD("tos.rtd",,M$83,"."&$D$82&$L$82&"P"&$A88)="N/A",0,RTD("tos.rtd",,M$83,"."&$D$82&$L$82&"P"&$A88)) -> -1818 | N88: =SUM(H88:M88) -> 2640 | O88: =+A88 -> 6825 | P88: =IF(RTD("tos.rtd",,P$83,"."&$B$82&$H$82&"C"&$A88)="N/A",0,RTD("tos.rtd",,P$83,"."&$B$82&$H$82&"C"&$A88)) -> 3422 | Q88: =-IF(RTD("tos.rtd",,Q$83,"."&$B$82&$H$82&"P"&$A88)="N/A",0,RTD("tos.rtd",,Q$83,"."&$B$82&$H$82&"P"&$A88)) -> -61 | R88: =IF(RTD("tos.rtd",,R$83,"."&$C$82&$J$82&"C"&$A88)="N/A",0,RTD("tos.rtd",,R$83,"."&$C$82&$J$82&"C"&$A88)) -> 858 | S88: =-IF(RTD("tos.rtd",,S$83,"."&$C$82&$J$82&"P"&$A88)="N/A",0,RTD("tos.rtd",,S$83,"."&$C$82&$J$82&"P"&$A88)) -> -34 | T88: =IF(RTD("tos.rtd",,T$83,"."&$D$82&$L$82&"C"&$A88)="N/A",0,RTD("tos.rtd",,T$83,"."&$D$82&$L$82&"C"&$A88)) -> 282 | U88: =-IF(RTD("tos.rtd",,U$83,"."&$D$82&$L$82&"P"&$A88)="N/A",0,RTD("tos.rtd",,U$83,"."&$D$82&$L$82&"P"&$A88)) -> -1 | V88: =+Hoja2!Y89 -> 4116 | W88: =SUM(P88:V88) -> 8582
A89: =+A88-$A$81 -> 6820 | B89: =+IF($A$1="ABS",H89-I89,H89+I89) -> 83 | C89: =+IF($A$1="ABS",J89-K89,J89+K89) -> -637 | D89: =+IF($A$1="ABS",L89-M89,L89+M89) -> 429 | E89: =SUM(B89:D89) -> -125 | F89: =+$F$84/$A$84*A89 -> 6856.6906 | H89: =IF(RTD("tos.rtd",,H$83,"."&$B$82&$H$82&"C"&$A89)="N/A",0,RTD("tos.rtd",,H$83,"."&$B$82&$H$82&"C"&$A89)) -> 647 | I89: =-IF(RTD("tos.rtd",,I$83,"."&$B$82&$H$82&"P"&$A89)="N/A",0,RTD("tos.rtd",,I$83,"."&$B$82&$H$82&"P"&$A89)) -> -564 | J89: =IF(RTD("tos.rtd",,J$83,"."&$C$82&$J$82&"C"&$A89)="N/A",0,RTD("tos.rtd",,J$83,"."&$C$82&$J$82&"C"&$A89)) -> 697 | K89: =-IF(RTD("tos.rtd",,K$83,"."&$C$82&$J$82&"P"&$A89)="N/A",0,RTD("tos.rtd",,K$83,"."&$C$82&$J$82&"P"&$A89)) -> -1334 | L89: =IF(RTD("tos.rtd",,L$83,"."&$D$82&$L$82&"C"&$A89)="N/A",0,RTD("tos.rtd",,L$83,"."&$D$82&$L$82&"C"&$A89)) -> 621 | M89: =-IF(RTD("tos.rtd",,M$83,"."&$D$82&$L$82&"P"&$A89)="N/A",0,RTD("tos.rtd",,M$83,"."&$D$82&$L$82&"P"&$A89)) -> -192 | N89: =SUM(H89:M89) -> -125 | O89: =+A89 -> 6820 | P89: =IF(RTD("tos.rtd",,P$83,"."&$B$82&$H$82&"C"&$A89)="N/A",0,RTD("tos.rtd",,P$83,"."&$B$82&$H$82&"C"&$A89)) -> 3690 | Q89: =-IF(RTD("tos.rtd",,Q$83,"."&$B$82&$H$82&"P"&$A89)="N/A",0,RTD("tos.rtd",,Q$83,"."&$B$82&$H$82&"P"&$A89)) -> -156 | R89: =IF(RTD("tos.rtd",,R$83,"."&$C$82&$J$82&"C"&$A89)="N/A",0,RTD("tos.rtd",,R$83,"."&$C$82&$J$82&"C"&$A89)) -> 6995 | S89: =-IF(RTD("tos.rtd",,S$83,"."&$C$82&$J$82&"P"&$A89)="N/A",0,RTD("tos.rtd",,S$83,"."&$C$82&$J$82&"P"&$A89)) -> -10 | T89: =IF(RTD("tos.rtd",,T$83,"."&$D$82&$L$82&"C"&$A89)="N/A",0,RTD("tos.rtd",,T$83,"."&$D$82&$L$82&"C"&$A89)) -> 32 | U89: =-IF(RTD("tos.rtd",,U$83,"."&$D$82&$L$82&"P"&$A89)="N/A",0,RTD("tos.rtd",,U$83,"."&$D$82&$L$82&"P"&$A89)) -> 0 | V89: =+Hoja2!Y90 -> 5558 | W89: =SUM(P89:V89) -> 16109
A90: =+A89-$A$81 -> 6815 | B90: =+IF($A$1="ABS",H90-I90,H90+I90) -> -31 | C90: =+IF($A$1="ABS",J90-K90,J90+K90) -> -195 | D90: =+IF($A$1="ABS",L90-M90,L90+M90) -> 126 | E90: =SUM(B90:D90) -> -100 | F90: =+$F$84/$A$84*A90 -> 6851.6637 | H90: =IF(RTD("tos.rtd",,H$83,"."&$B$82&$H$82&"C"&$A90)="N/A",0,RTD("tos.rtd",,H$83,"."&$B$82&$H$82&"C"&$A90)) -> 516 | I90: =-IF(RTD("tos.rtd",,I$83,"."&$B$82&$H$82&"P"&$A90)="N/A",0,RTD("tos.rtd",,I$83,"."&$B$82&$H$82&"P"&$A90)) -> -547 | J90: =IF(RTD("tos.rtd",,J$83,"."&$C$82&$J$82&"C"&$A90)="N/A",0,RTD("tos.rtd",,J$83,"."&$C$82&$J$82&"C"&$A90)) -> 78 | K90: =-IF(RTD("tos.rtd",,K$83,"."&$C$82&$J$82&"P"&$A90)="N/A",0,RTD("tos.rtd",,K$83,"."&$C$82&$J$82&"P"&$A90)) -> -273 | L90: =IF(RTD("tos.rtd",,L$83,"."&$D$82&$L$82&"C"&$A90)="N/A",0,RTD("tos.rtd",,L$83,"."&$D$82&$L$82&"C"&$A90)) -> 1177 | M90: =-IF(RTD("tos.rtd",,M$83,"."&$D$82&$L$82&"P"&$A90)="N/A",0,RTD("tos.rtd",,M$83,"."&$D$82&$L$82&"P"&$A90)) -> -1051 | N90: =SUM(H90:M90) -> -100 | O90: =+A90 -> 6815 | P90: =IF(RTD("tos.rtd",,P$83,"."&$B$82&$H$82&"C"&$A90)="N/A",0,RTD("tos.rtd",,P$83,"."&$B$82&$H$82&"C"&$A90)) -> 4830 | Q90: =-IF(RTD("tos.rtd",,Q$83,"."&$B$82&$H$82&"P"&$A90)="N/A",0,RTD("tos.rtd",,Q$83,"."&$B$82&$H$82&"P"&$A90)) -> -80 | R90: =IF(RTD("tos.rtd",,R$83,"."&$C$82&$J$82&"C"&$A90)="N/A",0,RTD("tos.rtd",,R$83,"."&$C$82&$J$82&"C"&$A90)) -> 1136 | S90: =-IF(RTD("tos.rtd",,S$83,"."&$C$82&$J$82&"P"&$A90)="N/A",0,RTD("tos.rtd",,S$83,"."&$C$82&$J$82&"P"&$A90)) -> -26 | T90: =IF(RTD("tos.rtd",,T$83,"."&$D$82&$L$82&"C"&$A90)="N/A",0,RTD("tos.rtd",,T$83,"."&$D$82&$L$82&"C"&$A90)) -> 57 | U90: =-IF(RTD("tos.rtd",,U$83,"."&$D$82&$L$82&"P"&$A90)="N/A",0,RTD("tos.rtd",,U$83,"."&$D$82&$L$82&"P"&$A90)) -> -66 | V90: =+Hoja2!Y91 -> 6074 | W90: =SUM(P90:V90) -> 11925
A91: =+A90-$A$81 -> 6810 | B91: =+IF($A$1="ABS",H91-I91,H91+I91) -> -419 | C91: =+IF($A$1="ABS",J91-K91,J91+K91) -> 529 | D91: =+IF($A$1="ABS",L91-M91,L91+M91) -> 558 | E91: =SUM(B91:D91) -> 668 | F91: =+$F$84/$A$84*A91 -> 6846.6368 | H91: =IF(RTD("tos.rtd",,H$83,"."&$B$82&$H$82&"C"&$A91)="N/A",0,RTD("tos.rtd",,H$83,"."&$B$82&$H$82&"C"&$A91)) -> 443 | I91: =-IF(RTD("tos.rtd",,I$83,"."&$B$82&$H$82&"P"&$A91)="N/A",0,RTD("tos.rtd",,I$83,"."&$B$82&$H$82&"P"&$A91)) -> -862 | J91: =IF(RTD("tos.rtd",,J$83,"."&$C$82&$J$82&"C"&$A91)="N/A",0,RTD("tos.rtd",,J$83,"."&$C$82&$J$82&"C"&$A91)) -> 677 | K91: =-IF(RTD("tos.rtd",,K$83,"."&$C$82&$J$82&"P"&$A91)="N/A",0,RTD("tos.rtd",,K$83,"."&$C$82&$J$82&"P"&$A91)) -> -148 | L91: =IF(RTD("tos.rtd",,L$83,"."&$D$82&$L$82&"C"&$A91)="N/A",0,RTD("tos.rtd",,L$83,"."&$D$82&$L$82&"C"&$A91)) -> 700 | M91: =-IF(RTD("tos.rtd",,M$83,"."&$D$82&$L$82&"P"&$A91)="N/A",0,RTD("tos.rtd",,M$83,"."&$D$82&$L$82&"P"&$A91)) -> -142 | N91: =SUM(H91:M91) -> 668 | O91: =+A91 -> 6810 | P91: =IF(RTD("tos.rtd",,P$83,"."&$B$82&$H$82&"C"&$A91)="N/A",0,RTD("tos.rtd",,P$83,"."&$B$82&$H$82&"C"&$A91)) -> 2630 | Q91: =-IF(RTD("tos.rtd",,Q$83,"."&$B$82&$H$82&"P"&$A91)="N/A",0,RTD("tos.rtd",,Q$83,"."&$B$82&$H$82&"P"&$A91)) -> -577 | R91: =IF(RTD("tos.rtd",,R$83,"."&$C$82&$J$82&"C"&$A91)="N/A",0,RTD("tos.rtd",,R$83,"."&$C$82&$J$82&"C"&$A91)) -> 1455 | S91: =-IF(RTD("tos.rtd",,S$83,"."&$C$82&$J$82&"P"&$A91)="N/A",0,RTD("tos.rtd",,S$83,"."&$C$82&$J$82&"P"&$A91)) -> -28 | T91: =IF(RTD("tos.rtd",,T$83,"."&$D$82&$L$82&"C"&$A91)="N/A",0,RTD("tos.rtd",,T$83,"."&$D$82&$L$82&"C"&$A91)) -> 28 | U91: =-IF(RTD("tos.rtd",,U$83,"."&$D$82&$L$82&"P"&$A91)="N/A",0,RTD("tos.rtd",,U$83,"."&$D$82&$L$82&"P"&$A91)) -> -5 | V91: =+Hoja2!Y92 -> 3615 | W91: =SUM(P91:V91) -> 7118
A92: =+A91-$A$81 -> 6805 | B92: =+IF($A$1="ABS",H92-I92,H92+I92) -> 174 | C92: =+IF($A$1="ABS",J92-K92,J92+K92) -> 40 | D92: =+IF($A$1="ABS",L92-M92,L92+M92) -> -348 | E92: =SUM(B92:D92) -> -134 | F92: =+$F$84/$A$84*A92 -> 6841.6099 | H92: =IF(RTD("tos.rtd",,H$83,"."&$B$82&$H$82&"C"&$A92)="N/A",0,RTD("tos.rtd",,H$83,"."&$B$82&$H$82&"C"&$A92)) -> 267 | I92: =-IF(RTD("tos.rtd",,I$83,"."&$B$82&$H$82&"P"&$A92)="N/A",0,RTD("tos.rtd",,I$83,"."&$B$82&$H$82&"P"&$A92)) -> -93 | J92: =IF(RTD("tos.rtd",,J$83,"."&$C$82&$J$82&"C"&$A92)="N/A",0,RTD("tos.rtd",,J$83,"."&$C$82&$J$82&"C"&$A92)) -> 305 | K92: =-IF(RTD("tos.rtd",,K$83,"."&$C$82&$J$82&"P"&$A92)="N/A",0,RTD("tos.rtd",,K$83,"."&$C$82&$J$82&"P"&$A92)) -> -265 | L92: =IF(RTD("tos.rtd",,L$83,"."&$D$82&$L$82&"C"&$A92)="N/A",0,RTD("tos.rtd",,L$83,"."&$D$82&$L$82&"C"&$A92)) -> 335 | M92: =-IF(RTD("tos.rtd",,M$83,"."&$D$82&$L$82&"P"&$A92)="N/A",0,RTD("tos.rtd",,M$83,"."&$D$82&$L$82&"P"&$A92)) -> -683 | N92: =SUM(H92:M92) -> -134 | O92: =+A92 -> 6805 | P92: =IF(RTD("tos.rtd",,P$83,"."&$B$82&$H$82&"C"&$A92)="N/A",0,RTD("tos.rtd",,P$83,"."&$B$82&$H$82&"C"&$A92)) -> 2808 | Q92: =-IF(RTD("tos.rtd",,Q$83,"."&$B$82&$H$82&"P"&$A92)="N/A",0,RTD("tos.rtd",,Q$83,"."&$B$82&$H$82&"P"&$A92)) -> -73 | R92: =IF(RTD("tos.rtd",,R$83,"."&$C$82&$J$82&"C"&$A92)="N/A",0,RTD("tos.rtd",,R$83,"."&$C$82&$J$82&"C"&$A92)) -> 1074 | S92: =-IF(RTD("tos.rtd",,S$83,"."&$C$82&$J$82&"P"&$A92)="N/A",0,RTD("tos.rtd",,S$83,"."&$C$82&$J$82&"P"&$A92)) -> -156 | T92: =IF(RTD("tos.rtd",,T$83,"."&$D$82&$L$82&"C"&$A92)="N/A",0,RTD("tos.rtd",,T$83,"."&$D$82&$L$82&"C"&$A92)) -> 41 | U92: =-IF(RTD("tos.rtd",,U$83,"."&$D$82&$L$82&"P"&$A92)="N/A",0,RTD("tos.rtd",,U$83,"."&$D$82&$L$82&"P"&$A92)) -> -20 | V92: =+Hoja2!Y93 -> 4705 | W92: =SUM(P92:V92) -> 8379
A93: =+A92-$A$81 -> 6800 | B93: =+IF($A$1="ABS",H93-I93,H93+I93) -> 280 | C93: =+IF($A$1="ABS",J93-K93,J93+K93) -> -892 | D93: =+IF($A$1="ABS",L93-M93,L93+M93) -> 9247 | E93: =SUM(B93:D93) -> 8635 | F93: =+$F$84/$A$84*A93 -> 6836.583 | H93: =IF(RTD("tos.rtd",,H$83,"."&$B$82&$H$82&"C"&$A93)="N/A",0,RTD("tos.rtd",,H$83,"."&$B$82&$H$82&"C"&$A93)) -> 3515 | I93: =-IF(RTD("tos.rtd",,I$83,"."&$B$82&$H$82&"P"&$A93)="N/A",0,RTD("tos.rtd",,I$83,"."&$B$82&$H$82&"P"&$A93)) -> -3235 | J93: =IF(RTD("tos.rtd",,J$83,"."&$C$82&$J$82&"C"&$A93)="N/A",0,RTD("tos.rtd",,J$83,"."&$C$82&$J$82&"C"&$A93)) -> 3231 | K93: =-IF(RTD("tos.rtd",,K$83,"."&$C$82&$J$82&"P"&$A93)="N/A",0,RTD("tos.rtd",,K$83,"."&$C$82&$J$82&"P"&$A93)) -> -4123 | L93: =IF(RTD("tos.rtd",,L$83,"."&$D$82&$L$82&"C"&$A93)="N/A",0,RTD("tos.rtd",,L$83,"."&$D$82&$L$82&"C"&$A93)) -> 24665 | M93: =-IF(RTD("tos.rtd",,M$83,"."&$D$82&$L$82&"P"&$A93)="N/A",0,RTD("tos.rtd",,M$83,"."&$D$82&$L$82&"P"&$A93)) -> -15418 | N93: =SUM(H93:M93) -> 8635 | O93: =+A93 -> 6800 | P93: =IF(RTD("tos.rtd",,P$83,"."&$B$82&$H$82&"C"&$A93)="N/A",0,RTD("tos.rtd",,P$83,"."&$B$82&$H$82&"C"&$A93)) -> 10257 | Q93: =-IF(RTD("tos.rtd",,Q$83,"."&$B$82&$H$82&"P"&$A93)="N/A",0,RTD("tos.rtd",,Q$83,"."&$B$82&$H$82&"P"&$A93)) -> -312 | R93: =IF(RTD("tos.rtd",,R$83,"."&$C$82&$J$82&"C"&$A93)="N/A",0,RTD("tos.rtd",,R$83,"."&$C$82&$J$82&"C"&$A93)) -> 5273 | S93: =-IF(RTD("tos.rtd",,S$83,"."&$C$82&$J$82&"P"&$A93)="N/A",0,RTD("tos.rtd",,S$83,"."&$C$82&$J$82&"P"&$A93)) -> -2698 | T93: =IF(RTD("tos.rtd",,T$83,"."&$D$82&$L$82&"C"&$A93)="N/A",0,RTD("tos.rtd",,T$83,"."&$D$82&$L$82&"C"&$A93)) -> 3831 | U93: =-IF(RTD("tos.rtd",,U$83,"."&$D$82&$L$82&"P"&$A93)="N/A",0,RTD("tos.rtd",,U$83,"."&$D$82&$L$82&"P"&$A93)) -> -235 | V93: =+Hoja2!Y94 -> 17649 | W93: =SUM(P93:V93) -> 33765
A94: =+A93-$A$81 -> 6795 | B94: =+IF($A$1="ABS",H94-I94,H94+I94) -> -214 | C94: =+IF($A$1="ABS",J94-K94,J94+K94) -> -222 | D94: =+IF($A$1="ABS",L94-M94,L94+M94) -> 166 | E94: =SUM(B94:D94) -> -270 | F94: =+$F$84/$A$84*A94 -> 6831.5561 | H94: =IF(RTD("tos.rtd",,H$83,"."&$B$82&$H$82&"C"&$A94)="N/A",0,RTD("tos.rtd",,H$83,"."&$B$82&$H$82&"C"&$A94)) -> 239 | I94: =-IF(RTD("tos.rtd",,I$83,"."&$B$82&$H$82&"P"&$A94)="N/A",0,RTD("tos.rtd",,I$83,"."&$B$82&$H$82&"P"&$A94)) -> -453 | J94: =IF(RTD("tos.rtd",,J$83,"."&$C$82&$J$82&"C"&$A94)="N/A",0,RTD("tos.rtd",,J$83,"."&$C$82&$J$82&"C"&$A94)) -> 215 | K94: =-IF(RTD("tos.rtd",,K$83,"."&$C$82&$J$82&"P"&$A94)="N/A",0,RTD("tos.rtd",,K$83,"."&$C$82&$J$82&"P"&$A94)) -> -437 | L94: =IF(RTD("tos.rtd",,L$83,"."&$D$82&$L$82&"C"&$A94)="N/A",0,RTD("tos.rtd",,L$83,"."&$D$82&$L$82&"C"&$A94)) -> 419 | M94: =-IF(RTD("tos.rtd",,M$83,"."&$D$82&$L$82&"P"&$A94)="N/A",0,RTD("tos.rtd",,M$83,"."&$D$82&$L$82&"P"&$A94)) -> -253 | N94: =SUM(H94:M94) -> -270 | O94: =+A94 -> 6795 | P94: =IF(RTD("tos.rtd",,P$83,"."&$B$82&$H$82&"C"&$A94)="N/A",0,RTD("tos.rtd",,P$83,"."&$B$82&$H$82&"C"&$A94)) -> 1894 | Q94: =-IF(RTD("tos.rtd",,Q$83,"."&$B$82&$H$82&"P"&$A94)="N/A",0,RTD("tos.rtd",,Q$83,"."&$B$82&$H$82&"P"&$A94)) -> -159 | R94: =IF(RTD("tos.rtd",,R$83,"."&$C$82&$J$82&"C"&$A94)="N/A",0,RTD("tos.rtd",,R$83,"."&$C$82&$J$82&"C"&$A94)) -> 347 | S94: =-IF(RTD("tos.rtd",,S$83,"."&$C$82&$J$82&"P"&$A94)="N/A",0,RTD("tos.rtd",,S$83,"."&$C$82&$J$82&"P"&$A94)) -> -276 | T94: =IF(RTD("tos.rtd",,T$83,"."&$D$82&$L$82&"C"&$A94)="N/A",0,RTD("tos.rtd",,T$83,"."&$D$82&$L$82&"C"&$A94)) -> 26 | U94: =-IF(RTD("tos.rtd",,U$83,"."&$D$82&$L$82&"P"&$A94)="N/A",0,RTD("tos.rtd",,U$83,"."&$D$82&$L$82&"P"&$A94)) -> -17 | V94: =+Hoja2!Y95 -> 2271 | W94: =SUM(P94:V94) -> 4086
A95: =+A94-$A$81 -> 6790 | B95: =+IF($A$1="ABS",H95-I95,H95+I95) -> 43 | C95: =+IF($A$1="ABS",J95-K95,J95+K95) -> -407 | D95: =+IF($A$1="ABS",L95-M95,L95+M95) -> 1839 | E95: =SUM(B95:D95) -> 1475 | F95: =+$F$84/$A$84*A95 -> 6826.5292 | H95: =IF(RTD("tos.rtd",,H$83,"."&$B$82&$H$82&"C"&$A95)="N/A",0,RTD("tos.rtd",,H$83,"."&$B$82&$H$82&"C"&$A95)) -> 280 | I95: =-IF(RTD("tos.rtd",,I$83,"."&$B$82&$H$82&"P"&$A95)="N/A",0,RTD("tos.rtd",,I$83,"."&$B$82&$H$82&"P"&$A95)) -> -237 | J95: =IF(RTD("tos.rtd",,J$83,"."&$C$82&$J$82&"C"&$A95)="N/A",0,RTD("tos.rtd",,J$83,"."&$C$82&$J$82&"C"&$A95)) -> 242 | K95: =-IF(RTD("tos.rtd",,K$83,"."&$C$82&$J$82&"P"&$A95)="N/A",0,RTD("tos.rtd",,K$83,"."&$C$82&$J$82&"P"&$A95)) -> -649 | L95: =IF(RTD("tos.rtd",,L$83,"."&$D$82&$L$82&"C"&$A95)="N/A",0,RTD("tos.rtd",,L$83,"."&$D$82&$L$82&"C"&$A95)) -> 2175 | M95: =-IF(RTD("tos.rtd",,M$83,"."&$D$82&$L$82&"P"&$A95)="N/A",0,RTD("tos.rtd",,M$83,"."&$D$82&$L$82&"P"&$A95)) -> -336 | N95: =SUM(H95:M95) -> 1475 | O95: =+A95 -> 6790 | P95: =IF(RTD("tos.rtd",,P$83,"."&$B$82&$H$82&"C"&$A95)="N/A",0,RTD("tos.rtd",,P$83,"."&$B$82&$H$82&"C"&$A95)) -> 2575 | Q95: =-IF(RTD("tos.rtd",,Q$83,"."&$B$82&$H$82&"P"&$A95)="N/A",0,RTD("tos.rtd",,Q$83,"."&$B$82&$H$82&"P"&$A95)) -> -265 | R95: =IF(RTD("tos.rtd",,R$83,"."&$C$82&$J$82&"C"&$A95)="N/A",0,RTD("tos.rtd",,R$83,"."&$C$82&$J$82&"C"&$A95)) -> 551 | S95: =-IF(RTD("tos.rtd",,S$83,"."&$C$82&$J$82&"P"&$A95)="N/A",0,RTD("tos.rtd",,S$83,"."&$C$82&$J$82&"P"&$A95)) -> -54 | T95: =IF(RTD("tos.rtd",,T$83,"."&$D$82&$L$82&"C"&$A95)="N/A",0,RTD("tos.rtd",,T$83,"."&$D$82&$L$82&"C"&$A95)) -> 36 | U95: =-IF(RTD("tos.rtd",,U$83,"."&$D$82&$L$82&"P"&$A95)="N/A",0,RTD("tos.rtd",,U$83,"."&$D$82&$L$82&"P"&$A95)) -> -8 | V95: =+Hoja2!Y96 -> 3825 | W95: =SUM(P95:V95) -> 6660
A96: =+A95-$A$81 -> 6785 | B96: =+IF($A$1="ABS",H96-I96,H96+I96) -> -501 | C96: =+IF($A$1="ABS",J96-K96,J96+K96) -> -45 | D96: =+IF($A$1="ABS",L96-M96,L96+M96) -> 21 | E96: =SUM(B96:D96) -> -525 | F96: =+$F$84/$A$84*A96 -> 6821.5023 | H96: =IF(RTD("tos.rtd",,H$83,"."&$B$82&$H$82&"C"&$A96)="N/A",0,RTD("tos.rtd",,H$83,"."&$B$82&$H$82&"C"&$A96)) -> 139 | I96: =-IF(RTD("tos.rtd",,I$83,"."&$B$82&$H$82&"P"&$A96)="N/A",0,RTD("tos.rtd",,I$83,"."&$B$82&$H$82&"P"&$A96)) -> -640 | J96: =IF(RTD("tos.rtd",,J$83,"."&$C$82&$J$82&"C"&$A96)="N/A",0,RTD("tos.rtd",,J$83,"."&$C$82&$J$82&"C"&$A96)) -> 151 | K96: =-IF(RTD("tos.rtd",,K$83,"."&$C$82&$J$82&"P"&$A96)="N/A",0,RTD("tos.rtd",,K$83,"."&$C$82&$J$82&"P"&$A96)) -> -196 | L96: =IF(RTD("tos.rtd",,L$83,"."&$D$82&$L$82&"C"&$A96)="N/A",0,RTD("tos.rtd",,L$83,"."&$D$82&$L$82&"C"&$A96)) -> 276 | M96: =-IF(RTD("tos.rtd",,M$83,"."&$D$82&$L$82&"P"&$A96)="N/A",0,RTD("tos.rtd",,M$83,"."&$D$82&$L$82&"P"&$A96)) -> -255 | N96: =SUM(H96:M96) -> -525 | O96: =+A96 -> 6785 | P96: =IF(RTD("tos.rtd",,P$83,"."&$B$82&$H$82&"C"&$A96)="N/A",0,RTD("tos.rtd",,P$83,"."&$B$82&$H$82&"C"&$A96)) -> 2555 | Q96: =-IF(RTD("tos.rtd",,Q$83,"."&$B$82&$H$82&"P"&$A96)="N/A",0,RTD("tos.rtd",,Q$83,"."&$B$82&$H$82&"P"&$A96)) -> -637 | R96: =IF(RTD("tos.rtd",,R$83,"."&$C$82&$J$82&"C"&$A96)="N/A",0,RTD("tos.rtd",,R$83,"."&$C$82&$J$82&"C"&$A96)) -> 556 | S96: =-IF(RTD("tos.rtd",,S$83,"."&$C$82&$J$82&"P"&$A96)="N/A",0,RTD("tos.rtd",,S$83,"."&$C$82&$J$82&"P"&$A96)) -> -37 | T96: =IF(RTD("tos.rtd",,T$83,"."&$D$82&$L$82&"C"&$A96)="N/A",0,RTD("tos.rtd",,T$83,"."&$D$82&$L$82&"C"&$A96)) -> 131 | U96: =-IF(RTD("tos.rtd",,U$83,"."&$D$82&$L$82&"P"&$A96)="N/A",0,RTD("tos.rtd",,U$83,"."&$D$82&$L$82&"P"&$A96)) -> -2 | V96: =+Hoja2!Y97 -> 2717 | W96: =SUM(P96:V96) -> 5283
A97: =+A96-$A$81 -> 6780 | B97: =+IF($A$1="ABS",H97-I97,H97+I97) -> -1322 | C97: =+IF($A$1="ABS",J97-K97,J97+K97) -> -96 | D97: =+IF($A$1="ABS",L97-M97,L97+M97) -> 181 | E97: =SUM(B97:D97) -> -1237 | F97: =+$F$84/$A$84*A97 -> 6816.4754 | H97: =IF(RTD("tos.rtd",,H$83,"."&$B$82&$H$82&"C"&$A97)="N/A",0,RTD("tos.rtd",,H$83,"."&$B$82&$H$82&"C"&$A97)) -> 256 | I97: =-IF(RTD("tos.rtd",,I$83,"."&$B$82&$H$82&"P"&$A97)="N/A",0,RTD("tos.rtd",,I$83,"."&$B$82&$H$82&"P"&$A97)) -> -1578 | J97: =IF(RTD("tos.rtd",,J$83,"."&$C$82&$J$82&"C"&$A97)="N/A",0,RTD("tos.rtd",,J$83,"."&$C$82&$J$82&"C"&$A97)) -> 353 | K97: =-IF(RTD("tos.rtd",,K$83,"."&$C$82&$J$82&"P"&$A97)="N/A",0,RTD("tos.rtd",,K$83,"."&$C$82&$J$82&"P"&$A97)) -> -449 | L97: =IF(RTD("tos.rtd",,L$83,"."&$D$82&$L$82&"C"&$A97)="N/A",0,RTD("tos.rtd",,L$83,"."&$D$82&$L$82&"C"&$A97)) -> 1271 | M97: =-IF(RTD("tos.rtd",,M$83,"."&$D$82&$L$82&"P"&$A97)="N/A",0,RTD("tos.rtd",,M$83,"."&$D$82&$L$82&"P"&$A97)) -> -1090 | N97: =SUM(H97:M97) -> -1237 | O97: =+A97 -> 6780 | P97: =IF(RTD("tos.rtd",,P$83,"."&$B$82&$H$82&"C"&$A97)="N/A",0,RTD("tos.rtd",,P$83,"."&$B$82&$H$82&"C"&$A97)) -> 4833 | Q97: =-IF(RTD("tos.rtd",,Q$83,"."&$B$82&$H$82&"P"&$A97)="N/A",0,RTD("tos.rtd",,Q$83,"."&$B$82&$H$82&"P"&$A97)) -> -1161 | R97: =IF(RTD("tos.rtd",,R$83,"."&$C$82&$J$82&"C"&$A97)="N/A",0,RTD("tos.rtd",,R$83,"."&$C$82&$J$82&"C"&$A97)) -> 560 | S97: =-IF(RTD("tos.rtd",,S$83,"."&$C$82&$J$82&"P"&$A97)="N/A",0,RTD("tos.rtd",,S$83,"."&$C$82&$J$82&"P"&$A97)) -> -52 | T97: =IF(RTD("tos.rtd",,T$83,"."&$D$82&$L$82&"C"&$A97)="N/A",0,RTD("tos.rtd",,T$83,"."&$D$82&$L$82&"C"&$A97)) -> 82 | U97: =-IF(RTD("tos.rtd",,U$83,"."&$D$82&$L$82&"P"&$A97)="N/A",0,RTD("tos.rtd",,U$83,"."&$D$82&$L$82&"P"&$A97)) -> -22 | V97: =+Hoja2!Y98 -> 6101 | W97: =SUM(P97:V97) -> 10341
... A130: =+A129-$A$81 -> 6615 | B130: =+IF($A$1="ABS",H130-I130,H130+I130) -> -524 | C130: =+IF($A$1="ABS",J130-K130,J130+K130) -> -839 | D130: =+IF($A$1="ABS",L130-M130,L130+M130) -> -72 | E130: =SUM(B130:D130) -> -1435 | F130: =+$F$84/$A$84*A130 -> 6650.5878 | H130: =IF(RTD("tos.rtd",,H$83,"."&$B$82&$H$82&"C"&$A130)="N/A",0,RTD("tos.rtd",,H$83,"."&$B$82&$H$82&"C"&$A130)) -> 1 | I130: =-IF(RTD("tos.rtd",,I$83,"."&$B$82&$H$82&"P"&$A130)="N/A",0,RTD("tos.rtd",,I$83,"."&$B$82&$H$82&"P"&$A130)) -> -525 | J130: =IF(RTD("tos.rtd",,J$83,"."&$C$82&$J$82&"C"&$A130)="N/A",0,RTD("tos.rtd",,J$83,"."&$C$82&$J$82&"C"&$A130)) -> 22 | K130: =-IF(RTD("tos.rtd",,K$83,"."&$C$82&$J$82&"P"&$A130)="N/A",0,RTD("tos.rtd",,K$83,"."&$C$82&$J$82&"P"&$A130)) -> -861 | L130: =IF(RTD("tos.rtd",,L$83,"."&$D$82&$L$82&"C"&$A130)="N/A",0,RTD("tos.rtd",,L$83,"."&$D$82&$L$82&"C"&$A130)) -> 290 | M130: =-IF(RTD("tos.rtd",,M$83,"."&$D$82&$L$82&"P"&$A130)="N/A",0,RTD("tos.rtd",,M$83,"."&$D$82&$L$82&"P"&$A130)) -> -362 | N130: =SUM(H130:M130) -> -1435 | O130: =+A130 -> 6615 | P130: =IF(RTD("tos.rtd",,P$83,"."&$B$82&$H$82&"C"&$A130)="N/A",0,RTD("tos.rtd",,P$83,"."&$B$82&$H$82&"C"&$A130)) -> 45 | Q130: =-IF(RTD("tos.rtd",,Q$83,"."&$B$82&$H$82&"P"&$A130)="N/A",0,RTD("tos.rtd",,Q$83,"."&$B$82&$H$82&"P"&$A130)) -> -4213 | R130: =IF(RTD("tos.rtd",,R$83,"."&$C$82&$J$82&"C"&$A130)="N/A",0,RTD("tos.rtd",,R$83,"."&$C$82&$J$82&"C"&$A130)) -> 8 | S130: =-IF(RTD("tos.rtd",,S$83,"."&$C$82&$J$82&"P"&$A130)="N/A",0,RTD("tos.rtd",,S$83,"."&$C$82&$J$82&"P"&$A130)) -> -320 | T130: =IF(RTD("tos.rtd",,T$83,"."&$D$82&$L$82&"C"&$A130)="N/A",0,RTD("tos.rtd",,T$83,"."&$D$82&$L$82&"C"&$A130)) -> 2 | U130: =-IF(RTD("tos.rtd",,U$83,"."&$D$82&$L$82&"P"&$A130)="N/A",0,RTD("tos.rtd",,U$83,"."&$D$82&$L$82&"P"&$A130)) -> -20 | V130: =+Hoja2!Y131 -> -5088 | W130: =SUM(P130:V130) -> -9586
B131: =MAX(B85:B130) -> 331 | C131: =MAX(C85:C130) -> 4465 | D131: =MAX(D85:D130) -> 9247 | E131: =MAX(E85:E130) -> 8635 | W131: =MIN(W85:W130) -> -31113
P132: =INDEX($A$85:$A$130,MATCH(MAX(P85:P130),P85:P130,0)) -> 6750 | Q132: =INDEX($A$85:$A$130,MATCH(MIN(Q85:Q130),Q85:Q130,0)) -> 6650 | R132: =INDEX($A$85:$A$130,MATCH(MAX(R85:R130),R85:R130,0)) -> 6820 | S132: =INDEX($A$85:$A$130,MATCH(MIN(S85:S130),S85:S130,0)) -> 6650 | T132: =INDEX($A$85:$A$130,MATCH(MAX(T85:T130),T85:T130,0)) -> 6700 | U132: =INDEX($A$85:$A$130,MATCH(MIN(U85:U130),U85:U130,0)) -> 6700
A133: =+Hoja3!$V$3 -> 25 | C133: =21800-22030 -> -230 | D133: =+F136-230 -> 24996.75 | E133: 24750
A134: NDX | B134: NDXP | C134: NDXP | D134: NDX | E134: =RTD("tos.rtd", ,"MARK", A135) -> 25059.808 | F134: =+[3]Sheet1!$AD$2 -> 6247.6751 | H134: =+B135 -> 251110 | J134: =+C135 -> 251114 | L134: =+D135 -> 251121 | P134: =+B135 -> 251110 | R134: =+C135 -> 251114 | T134: =+D135 -> 251121 | W134: =MAX(W137:W189) -> 745
A135: NDX | B135: =+B83 -> 251110 | C135: =+C83 -> 251114 | D135: =+D83 -> 251121 | F135: /NQ:XCME | H135: OPEN_INT | I135: OPEN_INT | J135: OPEN_INT | K135: OPEN_INT | L135: OPEN_INT | M135: OPEN_INT | P135: VOLUME | Q135: VOLUME | R135: VOLUME | S135: VOLUME | T135: VOLUME | U135: VOLUME | W135: NET OI
A136: =+E134 -> 25059.808 | B136: =+H136/I136 -> -0.26952527 | C136: =+J136/K136 -> -0.304253 | D136: =+L136/M136 -> -4.371786 | E136: 0 | F136: =RTD("tos.rtd", ,"MARK", F135) -> 25226.75 | H136: =SUM(H137:H189) -> 176 | I136: =SUM(I137:I189) -> -653 | J136: =SUM(J137:J189) -> 558 | K136: =SUM(K137:K189) -> -1834 | L136: =SUM(L137:L189) -> 6291 | M136: =SUM(M137:M189) -> -1439 | N136: =SUM(N137:N189) -> 3099 | O136: 0 | P136: =SUM(P137:P189) -> 2103 | Q136: =SUM(Q137:Q189) -> -2503 | R136: =SUM(R137:R189) -> 533 | S136: =SUM(S137:S189) -> -1122 | T136: =SUM(T137:T189) -> 354 | U136: =SUM(U137:U189) -> -344 | W136: =SUM(W137:W189) -> -468
A137: =ROUND(E134/A133,0)*A133+22*A133 -> 25600 | B137: =+IF($A$1="ABS",H137-I137,H137+I137) -> 11 | C137: =+IF($A$1="ABS",J137-K137,J137+K137) -> 34 | D137: =+IF($A$1="ABS",L137-M137,L137+M137) -> 259 | E137: =SUM(B137:D137) -> 304 | F137: =+$F$136/$A$136*A137 -> 25770.541 | H137: =IF(RTD("tos.rtd",,H$83,"."&$B$134&$H$82&"C"&$A137)="N/A",0,RTD("tos.rtd",,H$83,"."&$B$134&$H$82&"C"&$A137)) -> 25 | I137: =-IF(RTD("tos.rtd",,I$83,"."&$B$134&$H$82&"P"&$A137)="N/A",0,RTD("tos.rtd",,I$83,"."&$B$134&$H$82&"P"&$A137)) -> -14 | J137: =IF(RTD("tos.rtd",,J$2,"."&$C$134&$J$134&"C"&$A137)="N/A",0,RTD("tos.rtd",,J$2,"."&$C$134&$J$134&"C"&$A137)) -> 63 | K137: =-IF(RTD("tos.rtd",,K$2,"."&$C$134&$J$134&"P"&$A137)="N/A",0,RTD("tos.rtd",,K$2,"."&$C$134&$J$134&"P"&$A137)) -> -29 | L137: =IF(RTD("tos.rtd",,L$2,"."&$D$134&$L$134&"C"&$A137)="N/A",0,RTD("tos.rtd",,L$2,"."&$D$134&$L$134&"C"&$A137)) -> 269 | M137: =-IF(RTD("tos.rtd",,M$2,"."&$D$134&$L$134&"P"&$A137)="N/A",0,RTD("tos.rtd",,M$2,"."&$D$134&$L$134&"P"&$A137)) -> -10 | N137: =SUM(H137:M137) -> 304 | O137: =+A137 -> 25600 | P137: =IF(RTD("tos.rtd",,P$43,"."&$B$134&$H$82&"C"&$A137)="N/A",0,RTD("tos.rtd",,P$43,"."&$B$134&$H$82&"C"&$A137)) -> 113 | Q137: =-IF(RTD("tos.rtd",,Q$43,"."&$B$134&$H$82&"P"&$A137)="N/A",0,RTD("tos.rtd",,Q$43,"."&$B$134&$H$82&"P"&$A137)) -> -7 | R137: =IF(RTD("tos.rtd",,R$2,"."&$C$134&$J$82&"C"&$A137)="N/A",0,RTD("tos.rtd",,R$2,"."&$C$134&$J$82&"C"&$A137)) -> 31 | S137: =-IF(RTD("tos.rtd",,S$2,"."&$C$134&$J$82&"P"&$A137)="N/A",0,RTD("tos.rtd",,S$2,"."&$C$134&$J$82&"P"&$A137)) -> -1 | T137: =IF(RTD("tos.rtd",,T$2,"."&$D$134&$L$82&"C"&$A137)="N/A",0,RTD("tos.rtd",,T$2,"."&$D$134&$L$82&"C"&$A137)) -> 10 | U137: =-IF(RTD("tos.rtd",,U$2,"."&$D$134&$L$82&"P"&$A137)="N/A",0,RTD("tos.rtd",,U$2,"."&$D$134&$L$82&"P"&$A137)) -> 0 | V137: =+Hoja2!Y138 -> 599 | W137: =SUM(P137:V137) -> 745
A138: =+A137-$A$133 -> 25575 | B138: =+IF($A$1="ABS",H138-I138,H138+I138) -> 0 | C138: =+IF($A$1="ABS",J138-K138,J138+K138) -> -2 | D138: =+IF($A$1="ABS",L138-M138,L138+M138) -> 1 | E138: =SUM(B138:D138) -> -1 | F138: =+$F$136/$A$136*A138 -> 25745.374 | H138: =IF(RTD("tos.rtd",,H$83,"."&$B$134&$H$82&"C"&$A138)="N/A",0,RTD("tos.rtd",,H$83,"."&$B$134&$H$82&"C"&$A138)) -> 0 | I138: =-IF(RTD("tos.rtd",,I$83,"."&$B$134&$H$82&"P"&$A138)="N/A",0,RTD("tos.rtd",,I$83,"."&$B$134&$H$82&"P"&$A138)) -> 0 | J138: =IF(RTD("tos.rtd",,J$2,"."&$C$134&$J$134&"C"&$A138)="N/A",0,RTD("tos.rtd",,J$2,"."&$C$134&$J$134&"C"&$A138)) -> 31 | K138: =-IF(RTD("tos.rtd",,K$2,"."&$C$134&$J$134&"P"&$A138)="N/A",0,RTD("tos.rtd",,K$2,"."&$C$134&$J$134&"P"&$A138)) -> -33 | L138: =IF(RTD("tos.rtd",,L$2,"."&$D$134&$L$134&"C"&$A138)="N/A",0,RTD("tos.rtd",,L$2,"."&$D$134&$L$134&"C"&$A138)) -> 8 | M138: =-IF(RTD("tos.rtd",,M$2,"."&$D$134&$L$134&"P"&$A138)="N/A",0,RTD("tos.rtd",,M$2,"."&$D$134&$L$134&"P"&$A138)) -> -7 | N138: =SUM(H138:M138) -> -1 | O138: =+A138 -> 25575 | P138: =IF(RTD("tos.rtd",,P$43,"."&$B$134&$H$82&"C"&$A138)="N/A",0,RTD("tos.rtd",,P$43,"."&$B$134&$H$82&"C"&$A138)) -> 0 | Q138: =-IF(RTD("tos.rtd",,Q$43,"."&$B$134&$H$82&"P"&$A138)="N/A",0,RTD("tos.rtd",,Q$43,"."&$B$134&$H$82&"P"&$A138)) -> 0 | R138: =IF(RTD("tos.rtd",,R$2,"."&$C$134&$J$82&"C"&$A138)="N/A",0,RTD("tos.rtd",,R$2,"."&$C$134&$J$82&"C"&$A138)) -> 12 | S138: =-IF(RTD("tos.rtd",,S$2,"."&$C$134&$J$82&"P"&$A138)="N/A",0,RTD("tos.rtd",,S$2,"."&$C$134&$J$82&"P"&$A138)) -> 0 | T138: =IF(RTD("tos.rtd",,T$2,"."&$D$134&$L$82&"C"&$A138)="N/A",0,RTD("tos.rtd",,T$2,"."&$D$134&$L$82&"C"&$A138)) -> 4 | U138: =-IF(RTD("tos.rtd",,U$2,"."&$D$134&$L$82&"P"&$A138)="N/A",0,RTD("tos.rtd",,U$2,"."&$D$134&$L$82&"P"&$A138)) -> 0 | V138: =+Hoja2!Y139 -> 1 | W138: =SUM(P138:V138) -> 17
A139: =+A138-$A$133 -> 25550 | B139: =+IF($A$1="ABS",H139-I139,H139+I139) -> 1 | C139: =+IF($A$1="ABS",J139-K139,J139+K139) -> 4 | D139: =+IF($A$1="ABS",L139-M139,L139+M139) -> 22 | E139: =SUM(B139:D139) -> 27 | F139: =+$F$136/$A$136*A139 -> 25720.208 | H139: =IF(RTD("tos.rtd",,H$83,"."&$B$134&$H$82&"C"&$A139)="N/A",0,RTD("tos.rtd",,H$83,"."&$B$134&$H$82&"C"&$A139)) -> 18 | I139: =-IF(RTD("tos.rtd",,I$83,"."&$B$134&$H$82&"P"&$A139)="N/A",0,RTD("tos.rtd",,I$83,"."&$B$134&$H$82&"P"&$A139)) -> -17 | J139: =IF(RTD("tos.rtd",,J$2,"."&$C$134&$J$134&"C"&$A139)="N/A",0,RTD("tos.rtd",,J$2,"."&$C$134&$J$134&"C"&$A139)) -> 8 | K139: =-IF(RTD("tos.rtd",,K$2,"."&$C$134&$J$134&"P"&$A139)="N/A",0,RTD("tos.rtd",,K$2,"."&$C$134&$J$134&"P"&$A139)) -> -4 | L139: =IF(RTD("tos.rtd",,L$2,"."&$D$134&$L$134&"C"&$A139)="N/A",0,RTD("tos.rtd",,L$2,"."&$D$134&$L$134&"C"&$A139)) -> 26 | M139: =-IF(RTD("tos.rtd",,M$2,"."&$D$134&$L$134&"P"&$A139)="N/A",0,RTD("tos.rtd",,M$2,"."&$D$134&$L$134&"P"&$A139)) -> -4 | N139: =SUM(H139:M139) -> 27 | O139: =+A139 -> 25550 | P139: =IF(RTD("tos.rtd",,P$43,"."&$B$134&$H$82&"C"&$A139)="N/A",0,RTD("tos.rtd",,P$43,"."&$B$134&$H$82&"C"&$A139)) -> 184 | Q139: =-IF(RTD("tos.rtd",,Q$43,"."&$B$134&$H$82&"P"&$A139)="N/A",0,RTD("tos.rtd",,Q$43,"."&$B$134&$H$82&"P"&$A139)) -> -15 | R139: =IF(RTD("tos.rtd",,R$2,"."&$C$134&$J$82&"C"&$A139)="N/A",0,RTD("tos.rtd",,R$2,"."&$C$134&$J$82&"C"&$A139)) -> 10 | S139: =-IF(RTD("tos.rtd",,S$2,"."&$C$134&$J$82&"P"&$A139)="N/A",0,RTD("tos.rtd",,S$2,"."&$C$134&$J$82&"P"&$A139)) -> 0 | T139: =IF(RTD("tos.rtd",,T$2,"."&$D$134&$L$82&"C"&$A139)="N/A",0,RTD("tos.rtd",,T$2,"."&$D$134&$L$82&"C"&$A139)) -> 4 | U139: =-IF(RTD("tos.rtd",,U$2,"."&$D$134&$L$82&"P"&$A139)="N/A",0,RTD("tos.rtd",,U$2,"."&$D$134&$L$82&"P"&$A139)) -> 0 | V139: =+Hoja2!Y140 -> 180 | W139: =SUM(P139:V139) -> 363
A140: =+A139-$A$133 -> 25525 | B140: =+IF($A$1="ABS",H140-I140,H140+I140) -> 0 | C140: =+IF($A$1="ABS",J140-K140,J140+K140) -> -1 | D140: =+IF($A$1="ABS",L140-M140,L140+M140) -> 2 | E140: =SUM(B140:D140) -> 1 | F140: =+$F$136/$A$136*A140 -> 25695.041 | H140: =IF(RTD("tos.rtd",,H$83,"."&$B$134&$H$82&"C"&$A140)="N/A",0,RTD("tos.rtd",,H$83,"."&$B$134&$H$82&"C"&$A140)) -> 0 | I140: =-IF(RTD("tos.rtd",,I$83,"."&$B$134&$H$82&"P"&$A140)="N/A",0,RTD("tos.rtd",,I$83,"."&$B$134&$H$82&"P"&$A140)) -> 0 | J140: =IF(RTD("tos.rtd",,J$2,"."&$C$134&$J$134&"C"&$A140)="N/A",0,RTD("tos.rtd",,J$2,"."&$C$134&$J$134&"C"&$A140)) -> 3 | K140: =-IF(RTD("tos.rtd",,K$2,"."&$C$134&$J$134&"P"&$A140)="N/A",0,RTD("tos.rtd",,K$2,"."&$C$134&$J$134&"P"&$A140)) -> -4 | L140: =IF(RTD("tos.rtd",,L$2,"."&$D$134&$L$134&"C"&$A140)="N/A",0,RTD("tos.rtd",,L$2,"."&$D$134&$L$134&"C"&$A140)) -> 11 | M140: =-IF(RTD("tos.rtd",,M$2,"."&$D$134&$L$134&"P"&$A140)="N/A",0,RTD("tos.rtd",,M$2,"."&$D$134&$L$134&"P"&$A140)) -> -9 | N140: =SUM(H140:M140) -> 1 | O140: =+A140 -> 25525 | P140: =IF(RTD("tos.rtd",,P$43,"."&$B$134&$H$82&"C"&$A140)="N/A",0,RTD("tos.rtd",,P$43,"."&$B$134&$H$82&"C"&$A140)) -> 0 | Q140: =-IF(RTD("tos.rtd",,Q$43,"."&$B$134&$H$82&"P"&$A140)="N/A",0,RTD("tos.rtd",,Q$43,"."&$B$134&$H$82&"P"&$A140)) -> 0 | R140: =IF(RTD("tos.rtd",,R$2,"."&$C$134&$J$82&"C"&$A140)="N/A",0,RTD("tos.rtd",,R$2,"."&$C$134&$J$82&"C"&$A140)) -> 0 | S140: =-IF(RTD("tos.rtd",,S$2,"."&$C$134&$J$82&"P"&$A140)="N/A",0,RTD("tos.rtd",,S$2,"."&$C$134&$J$82&"P"&$A140)) -> 0 | T140: =IF(RTD("tos.rtd",,T$2,"."&$D$134&$L$82&"C"&$A140)="N/A",0,RTD("tos.rtd",,T$2,"."&$D$134&$L$82&"C"&$A140)) -> 15 | U140: =-IF(RTD("tos.rtd",,U$2,"."&$D$134&$L$82&"P"&$A140)="N/A",0,RTD("tos.rtd",,U$2,"."&$D$134&$L$82&"P"&$A140)) -> 0 | V140: =+Hoja2!Y141 -> -2 | W140: =SUM(P140:V140) -> 13
A141: =+A140-$A$133 -> 25500 | B141: =+IF($A$1="ABS",H141-I141,H141+I141) -> 3 | C141: =+IF($A$1="ABS",J141-K141,J141+K141) -> -20 | D141: =+IF($A$1="ABS",L141-M141,L141+M141) -> 19 | E141: =SUM(B141:D141) -> 2 | F141: =+$F$136/$A$136*A141 -> 25669.874 | H141: =IF(RTD("tos.rtd",,H$83,"."&$B$134&$H$82&"C"&$A141)="N/A",0,RTD("tos.rtd",,H$83,"."&$B$134&$H$82&"C"&$A141)) -> 23 | I141: =-IF(RTD("tos.rtd",,I$83,"."&$B$134&$H$82&"P"&$A141)="N/A",0,RTD("tos.rtd",,I$83,"."&$B$134&$H$82&"P"&$A141)) -> -20 | J141: =IF(RTD("tos.rtd",,J$2,"."&$C$134&$J$134&"C"&$A141)="N/A",0,RTD("tos.rtd",,J$2,"."&$C$134&$J$134&"C"&$A141)) -> 58 | K141: =-IF(RTD("tos.rtd",,K$2,"."&$C$134&$J$134&"P"&$A141)="N/A",0,RTD("tos.rtd",,K$2,"."&$C$134&$J$134&"P"&$A141)) -> -78 | L141: =IF(RTD("tos.rtd",,L$2,"."&$D$134&$L$134&"C"&$A141)="N/A",0,RTD("tos.rtd",,L$2,"."&$D$134&$L$134&"C"&$A141)) -> 65 | M141: =-IF(RTD("tos.rtd",,M$2,"."&$D$134&$L$134&"P"&$A141)="N/A",0,RTD("tos.rtd",,M$2,"."&$D$134&$L$134&"P"&$A141)) -> -46 | N141: =SUM(H141:M141) -> 2 | O141: =+A141 -> 25500 | P141: =IF(RTD("tos.rtd",,P$43,"."&$B$134&$H$82&"C"&$A141)="N/A",0,RTD("tos.rtd",,P$43,"."&$B$134&$H$82&"C"&$A141)) -> 52 | Q141: =-IF(RTD("tos.rtd",,Q$43,"."&$B$134&$H$82&"P"&$A141)="N/A",0,RTD("tos.rtd",,Q$43,"."&$B$134&$H$82&"P"&$A141)) -> -8 | R141: =IF(RTD("tos.rtd",,R$2,"."&$C$134&$J$82&"C"&$A141)="N/A",0,RTD("tos.rtd",,R$2,"."&$C$134&$J$82&"C"&$A141)) -> 60 | S141: =-IF(RTD("tos.rtd",,S$2,"."&$C$134&$J$82&"P"&$A141)="N/A",0,RTD("tos.rtd",,S$2,"."&$C$134&$J$82&"P"&$A141)) -> -45 | T141: =IF(RTD("tos.rtd",,T$2,"."&$D$134&$L$82&"C"&$A141)="N/A",0,RTD("tos.rtd",,T$2,"."&$D$134&$L$82&"C"&$A141)) -> 17 | U141: =-IF(RTD("tos.rtd",,U$2,"."&$D$134&$L$82&"P"&$A141)="N/A",0,RTD("tos.rtd",,U$2,"."&$D$134&$L$82&"P"&$A141)) -> -1 | V141: =+Hoja2!Y142 -> 214 | W141: =SUM(P141:V141) -> 289
A142: =+A141-$A$133 -> 25475 | B142: =+IF($A$1="ABS",H142-I142,H142+I142) -> 0 | C142: =+IF($A$1="ABS",J142-K142,J142+K142) -> -48 | D142: =+IF($A$1="ABS",L142-M142,L142+M142) -> 4 | E142: =SUM(B142:D142) -> -44 | F142: =+$F$136/$A$136*A142 -> 25644.708 | H142: =IF(RTD("tos.rtd",,H$83,"."&$B$134&$H$82&"C"&$A142)="N/A",0,RTD("tos.rtd",,H$83,"."&$B$134&$H$82&"C"&$A142)) -> 0 | I142: =-IF(RTD("tos.rtd",,I$83,"."&$B$134&$H$82&"P"&$A142)="N/A",0,RTD("tos.rtd",,I$83,"."&$B$134&$H$82&"P"&$A142)) -> 0 | J142: =IF(RTD("tos.rtd",,J$2,"."&$C$134&$J$134&"C"&$A142)="N/A",0,RTD("tos.rtd",,J$2,"."&$C$134&$J$134&"C"&$A142)) -> 3 | K142: =-IF(RTD("tos.rtd",,K$2,"."&$C$134&$J$134&"P"&$A142)="N/A",0,RTD("tos.rtd",,K$2,"."&$C$134&$J$134&"P"&$A142)) -> -51 | L142: =IF(RTD("tos.rtd",,L$2,"."&$D$134&$L$134&"C"&$A142)="N/A",0,RTD("tos.rtd",,L$2,"."&$D$134&$L$134&"C"&$A142)) -> 12 | M142: =-IF(RTD("tos.rtd",,M$2,"."&$D$134&$L$134&"P"&$A142)="N/A",0,RTD("tos.rtd",,M$2,"."&$D$134&$L$134&"P"&$A142)) -> -8 | N142: =SUM(H142:M142) -> -44 | O142: =+A142 -> 25475 | P142: =IF(RTD("tos.rtd",,P$43,"."&$B$134&$H$82&"C"&$A142)="N/A",0,RTD("tos.rtd",,P$43,"."&$B$134&$H$82&"C"&$A142)) -> 0 | Q142: =-IF(RTD("tos.rtd",,Q$43,"."&$B$134&$H$82&"P"&$A142)="N/A",0,RTD("tos.rtd",,Q$43,"."&$B$134&$H$82&"P"&$A142)) -> 0 | R142: =IF(RTD("tos.rtd",,R$2,"."&$C$134&$J$82&"C"&$A142)="N/A",0,RTD("tos.rtd",,R$2,"."&$C$134&$J$82&"C"&$A142)) -> 13 | S142: =-IF(RTD("tos.rtd",,S$2,"."&$C$134&$J$82&"P"&$A142)="N/A",0,RTD("tos.rtd",,S$2,"."&$C$134&$J$82&"P"&$A142)) -> -42 | T142: =IF(RTD("tos.rtd",,T$2,"."&$D$134&$L$82&"C"&$A142)="N/A",0,RTD("tos.rtd",,T$2,"."&$D$134&$L$82&"C"&$A142)) -> 0 | U142: =-IF(RTD("tos.rtd",,U$2,"."&$D$134&$L$82&"P"&$A142)="N/A",0,RTD("tos.rtd",,U$2,"."&$D$134&$L$82&"P"&$A142)) -> 0 | V142: =+Hoja2!Y143 -> 1 | W142: =SUM(P142:V142) -> -28
A143: =+A142-$A$133 -> 25450 | B143: =+IF($A$1="ABS",H143-I143,H143+I143) -> -12 | C143: =+IF($A$1="ABS",J143-K143,J143+K143) -> -34 | D143: =+IF($A$1="ABS",L143-M143,L143+M143) -> 3 | E143: =SUM(B143:D143) -> -43 | F143: =+$F$136/$A$136*A143 -> 25619.541 | H143: =IF(RTD("tos.rtd",,H$83,"."&$B$134&$H$82&"C"&$A143)="N/A",0,RTD("tos.rtd",,H$83,"."&$B$134&$H$82&"C"&$A143)) -> 3 | I143: =-IF(RTD("tos.rtd",,I$83,"."&$B$134&$H$82&"P"&$A143)="N/A",0,RTD("tos.rtd",,I$83,"."&$B$134&$H$82&"P"&$A143)) -> -15 | J143: =IF(RTD("tos.rtd",,J$2,"."&$C$134&$J$134&"C"&$A143)="N/A",0,RTD("tos.rtd",,J$2,"."&$C$134&$J$134&"C"&$A143)) -> 4 | K143: =-IF(RTD("tos.rtd",,K$2,"."&$C$134&$J$134&"P"&$A143)="N/A",0,RTD("tos.rtd",,K$2,"."&$C$134&$J$134&"P"&$A143)) -> -38 | L143: =IF(RTD("tos.rtd",,L$2,"."&$D$134&$L$134&"C"&$A143)="N/A",0,RTD("tos.rtd",,L$2,"."&$D$134&$L$134&"C"&$A143)) -> 29 | M143: =-IF(RTD("tos.rtd",,M$2,"."&$D$134&$L$134&"P"&$A143)="N/A",0,RTD("tos.rtd",,M$2,"."&$D$134&$L$134&"P"&$A143)) -> -26 | N143: =SUM(H143:M143) -> -43 | O143: =+A143 -> 25450 | P143: =IF(RTD("tos.rtd",,P$43,"."&$B$134&$H$82&"C"&$A143)="N/A",0,RTD("tos.rtd",,P$43,"."&$B$134&$H$82&"C"&$A143)) -> 29 | Q143: =-IF(RTD("tos.rtd",,Q$43,"."&$B$134&$H$82&"P"&$A143)="N/A",0,RTD("tos.rtd",,Q$43,"."&$B$134&$H$82&"P"&$A143)) -> -13 | R143: =IF(RTD("tos.rtd",,R$2,"."&$C$134&$J$82&"C"&$A143)="N/A",0,RTD("tos.rtd",,R$2,"."&$C$134&$J$82&"C"&$A143)) -> 19 | S143: =-IF(RTD("tos.rtd",,S$2,"."&$C$134&$J$82&"P"&$A143)="N/A",0,RTD("tos.rtd",,S$2,"."&$C$134&$J$82&"P"&$A143)) -> -5 | T143: =IF(RTD("tos.rtd",,T$2,"."&$D$134&$L$82&"C"&$A143)="N/A",0,RTD("tos.rtd",,T$2,"."&$D$134&$L$82&"C"&$A143)) -> 4 | U143: =-IF(RTD("tos.rtd",,U$2,"."&$D$134&$L$82&"P"&$A143)="N/A",0,RTD("tos.rtd",,U$2,"."&$D$134&$L$82&"P"&$A143)) -> 0 | V143: =+Hoja2!Y144 -> 21 | W143: =SUM(P143:V143) -> 55
A144: =+A143-$A$133 -> 25425 | B144: =+IF($A$1="ABS",H144-I144,H144+I144) -> 0 | C144: =+IF($A$1="ABS",J144-K144,J144+K144) -> -28 | D144: =+IF($A$1="ABS",L144-M144,L144+M144) -> 6 | E144: =SUM(B144:D144) -> -22 | F144: =+$F$136/$A$136*A144 -> 25594.375 | H144: =IF(RTD("tos.rtd",,H$83,"."&$B$134&$H$82&"C"&$A144)="N/A",0,RTD("tos.rtd",,H$83,"."&$B$134&$H$82&"C"&$A144)) -> 0 | I144: =-IF(RTD("tos.rtd",,I$83,"."&$B$134&$H$82&"P"&$A144)="N/A",0,RTD("tos.rtd",,I$83,"."&$B$134&$H$82&"P"&$A144)) -> 0 | J144: =IF(RTD("tos.rtd",,J$2,"."&$C$134&$J$134&"C"&$A144)="N/A",0,RTD("tos.rtd",,J$2,"."&$C$134&$J$134&"C"&$A144)) -> 4 | K144: =-IF(RTD("tos.rtd",,K$2,"."&$C$134&$J$134&"P"&$A144)="N/A",0,RTD("tos.rtd",,K$2,"."&$C$134&$J$134&"P"&$A144)) -> -32 | L144: =IF(RTD("tos.rtd",,L$2,"."&$D$134&$L$134&"C"&$A144)="N/A",0,RTD("tos.rtd",,L$2,"."&$D$134&$L$134&"C"&$A144)) -> 8 | M144: =-IF(RTD("tos.rtd",,M$2,"."&$D$134&$L$134&"P"&$A144)="N/A",0,RTD("tos.rtd",,M$2,"."&$D$134&$L$134&"P"&$A144)) -> -2 | N144: =SUM(H144:M144) -> -22 | O144: =+A144 -> 25425 | P144: =IF(RTD("tos.rtd",,P$43,"."&$B$134&$H$82&"C"&$A144)="N/A",0,RTD("tos.rtd",,P$43,"."&$B$134&$H$82&"C"&$A144)) -> 0 | Q144: =-IF(RTD("tos.rtd",,Q$43,"."&$B$134&$H$82&"P"&$A144)="N/A",0,RTD("tos.rtd",,Q$43,"."&$B$134&$H$82&"P"&$A144)) -> 0 | R144: =IF(RTD("tos.rtd",,R$2,"."&$C$134&$J$82&"C"&$A144)="N/A",0,RTD("tos.rtd",,R$2,"."&$C$134&$J$82&"C"&$A144)) -> 4 | S144: =-IF(RTD("tos.rtd",,S$2,"."&$C$134&$J$82&"P"&$A144)="N/A",0,RTD("tos.rtd",,S$2,"."&$C$134&$J$82&"P"&$A144)) -> -9 | T144: =IF(RTD("tos.rtd",,T$2,"."&$D$134&$L$82&"C"&$A144)="N/A",0,RTD("tos.rtd",,T$2,"."&$D$134&$L$82&"C"&$A144)) -> 0 | U144: =-IF(RTD("tos.rtd",,U$2,"."&$D$134&$L$82&"P"&$A144)="N/A",0,RTD("tos.rtd",,U$2,"."&$D$134&$L$82&"P"&$A144)) -> 0 | V144: =+Hoja2!Y145 -> 1 | W144: =SUM(P144:V144) -> -4
A145: =+A144-$A$133 -> 25400 | B145: =+IF($A$1="ABS",H145-I145,H145+I145) -> 2 | C145: =+IF($A$1="ABS",J145-K145,J145+K145) -> -50 | D145: =+IF($A$1="ABS",L145-M145,L145+M145) -> 17 | E145: =SUM(B145:D145) -> -31 | F145: =+$F$136/$A$136*A145 -> 25569.208 | H145: =IF(RTD("tos.rtd",,H$83,"."&$B$134&$H$82&"C"&$A145)="N/A",0,RTD("tos.rtd",,H$83,"."&$B$134&$H$82&"C"&$A145)) -> 24 | I145: =-IF(RTD("tos.rtd",,I$83,"."&$B$134&$H$82&"P"&$A145)="N/A",0,RTD("tos.rtd",,I$83,"."&$B$134&$H$82&"P"&$A145)) -> -22 | J145: =IF(RTD("tos.rtd",,J$2,"."&$C$134&$J$134&"C"&$A145)="N/A",0,RTD("tos.rtd",,J$2,"."&$C$134&$J$134&"C"&$A145)) -> 9 | K145: =-IF(RTD("tos.rtd",,K$2,"."&$C$134&$J$134&"P"&$A145)="N/A",0,RTD("tos.rtd",,K$2,"."&$C$134&$J$134&"P"&$A145)) -> -59 | L145: =IF(RTD("tos.rtd",,L$2,"."&$D$134&$L$134&"C"&$A145)="N/A",0,RTD("tos.rtd",,L$2,"."&$D$134&$L$134&"C"&$A145)) -> 37 | M145: =-IF(RTD("tos.rtd",,M$2,"."&$D$134&$L$134&"P"&$A145)="N/A",0,RTD("tos.rtd",,M$2,"."&$D$134&$L$134&"P"&$A145)) -> -20 | N145: =SUM(H145:M145) -> -31 | O145: =+A145 -> 25400 | P145: =IF(RTD("tos.rtd",,P$43,"."&$B$134&$H$82&"C"&$A145)="N/A",0,RTD("tos.rtd",,P$43,"."&$B$134&$H$82&"C"&$A145)) -> 81 | Q145: =-IF(RTD("tos.rtd",,Q$43,"."&$B$134&$H$82&"P"&$A145)="N/A",0,RTD("tos.rtd",,Q$43,"."&$B$134&$H$82&"P"&$A145)) -> -21 | R145: =IF(RTD("tos.rtd",,R$2,"."&$C$134&$J$82&"C"&$A145)="N/A",0,RTD("tos.rtd",,R$2,"."&$C$134&$J$82&"C"&$A145)) -> 11 | S145: =-IF(RTD("tos.rtd",,S$2,"."&$C$134&$J$82&"P"&$A145)="N/A",0,RTD("tos.rtd",,S$2,"."&$C$134&$J$82&"P"&$A145)) -> -9 | T145: =IF(RTD("tos.rtd",,T$2,"."&$D$134&$L$82&"C"&$A145)="N/A",0,RTD("tos.rtd",,T$2,"."&$D$134&$L$82&"C"&$A145)) -> 10 | U145: =-IF(RTD("tos.rtd",,U$2,"."&$D$134&$L$82&"P"&$A145)="N/A",0,RTD("tos.rtd",,U$2,"."&$D$134&$L$82&"P"&$A145)) -> 0 | V145: =+Hoja2!Y146 -> 82 | W145: =SUM(P145:V145) -> 154
A146: =+A145-$A$133 -> 25375 | B146: =+IF($A$1="ABS",H146-I146,H146+I146) -> 0 | C146: =+IF($A$1="ABS",J146-K146,J146+K146) -> -5 | D146: =+IF($A$1="ABS",L146-M146,L146+M146) -> 0 | E146: =SUM(B146:D146) -> -5 | F146: =+$F$136/$A$136*A146 -> 25544.042 | H146: =IF(RTD("tos.rtd",,H$83,"."&$B$134&$H$82&"C"&$A146)="N/A",0,RTD("tos.rtd",,H$83,"."&$B$134&$H$82&"C"&$A146)) -> 0 | I146: =-IF(RTD("tos.rtd",,I$83,"."&$B$134&$H$82&"P"&$A146)="N/A",0,RTD("tos.rtd",,I$83,"."&$B$134&$H$82&"P"&$A146)) -> 0 | J146: =IF(RTD("tos.rtd",,J$2,"."&$C$134&$J$134&"C"&$A146)="N/A",0,RTD("tos.rtd",,J$2,"."&$C$134&$J$134&"C"&$A146)) -> 2 | K146: =-IF(RTD("tos.rtd",,K$2,"."&$C$134&$J$134&"P"&$A146)="N/A",0,RTD("tos.rtd",,K$2,"."&$C$134&$J$134&"P"&$A146)) -> -7 | L146: =IF(RTD("tos.rtd",,L$2,"."&$D$134&$L$134&"C"&$A146)="N/A",0,RTD("tos.rtd",,L$2,"."&$D$134&$L$134&"C"&$A146)) -> 7 | M146: =-IF(RTD("tos.rtd",,M$2,"."&$D$134&$L$134&"P"&$A146)="N/A",0,RTD("tos.rtd",,M$2,"."&$D$134&$L$134&"P"&$A146)) -> -7 | N146: =SUM(H146:M146) -> -5 | O146: =+A146 -> 25375 | P146: =IF(RTD("tos.rtd",,P$43,"."&$B$134&$H$82&"C"&$A146)="N/A",0,RTD("tos.rtd",,P$43,"."&$B$134&$H$82&"C"&$A146)) -> 0 | Q146: =-IF(RTD("tos.rtd",,Q$43,"."&$B$134&$H$82&"P"&$A146)="N/A",0,RTD("tos.rtd",,Q$43,"."&$B$134&$H$82&"P"&$A146)) -> 0 | R146: =IF(RTD("tos.rtd",,R$2,"."&$C$134&$J$82&"C"&$A146)="N/A",0,RTD("tos.rtd",,R$2,"."&$C$134&$J$82&"C"&$A146)) -> 25 | S146: =-IF(RTD("tos.rtd",,S$2,"."&$C$134&$J$82&"P"&$A146)="N/A",0,RTD("tos.rtd",,S$2,"."&$C$134&$J$82&"P"&$A146)) -> 0 | T146: =IF(RTD("tos.rtd",,T$2,"."&$D$134&$L$82&"C"&$A146)="N/A",0,RTD("tos.rtd",,T$2,"."&$D$134&$L$82&"C"&$A146)) -> 1 | U146: =-IF(RTD("tos.rtd",,U$2,"."&$D$134&$L$82&"P"&$A146)="N/A",0,RTD("tos.rtd",,U$2,"."&$D$134&$L$82&"P"&$A146)) -> 0 | V146: =+Hoja2!Y147 -> 1 | W146: =SUM(P146:V146) -> 27
A147: =+A146-$A$133 -> 25350 | B147: =+IF($A$1="ABS",H147-I147,H147+I147) -> -5 | C147: =+IF($A$1="ABS",J147-K147,J147+K147) -> 28 | D147: =+IF($A$1="ABS",L147-M147,L147+M147) -> 15 | E147: =SUM(B147:D147) -> 38 | F147: =+$F$136/$A$136*A147 -> 25518.875 | H147: =IF(RTD("tos.rtd",,H$83,"."&$B$134&$H$82&"C"&$A147)="N/A",0,RTD("tos.rtd",,H$83,"."&$B$134&$H$82&"C"&$A147)) -> 3 | I147: =-IF(RTD("tos.rtd",,I$83,"."&$B$134&$H$82&"P"&$A147)="N/A",0,RTD("tos.rtd",,I$83,"."&$B$134&$H$82&"P"&$A147)) -> -8 | J147: =IF(RTD("tos.rtd",,J$2,"."&$C$134&$J$134&"C"&$A147)="N/A",0,RTD("tos.rtd",,J$2,"."&$C$134&$J$134&"C"&$A147)) -> 34 | K147: =-IF(RTD("tos.rtd",,K$2,"."&$C$134&$J$134&"P"&$A147)="N/A",0,RTD("tos.rtd",,K$2,"."&$C$134&$J$134&"P"&$A147)) -> -6 | L147: =IF(RTD("tos.rtd",,L$2,"."&$D$134&$L$134&"C"&$A147)="N/A",0,RTD("tos.rtd",,L$2,"."&$D$134&$L$134&"C"&$A147)) -> 16 | M147: =-IF(RTD("tos.rtd",,M$2,"."&$D$134&$L$134&"P"&$A147)="N/A",0,RTD("tos.rtd",,M$2,"."&$D$134&$L$134&"P"&$A147)) -> -1 | N147: =SUM(H147:M147) -> 38 | O147: =+A147 -> 25350 | P147: =IF(RTD("tos.rtd",,P$43,"."&$B$134&$H$82&"C"&$A147)="N/A",0,RTD("tos.rtd",,P$43,"."&$B$134&$H$82&"C"&$A147)) -> 20 | Q147: =-IF(RTD("tos.rtd",,Q$43,"."&$B$134&$H$82&"P"&$A147)="N/A",0,RTD("tos.rtd",,Q$43,"."&$B$134&$H$82&"P"&$A147)) -> -17 | R147: =IF(RTD("tos.rtd",,R$2,"."&$C$134&$J$82&"C"&$A147)="N/A",0,RTD("tos.rtd",,R$2,"."&$C$134&$J$82&"C"&$A147)) -> 25 | S147: =-IF(RTD("tos.rtd",,S$2,"."&$C$134&$J$82&"P"&$A147)="N/A",0,RTD("tos.rtd",,S$2,"."&$C$134&$J$82&"P"&$A147)) -> -1 | T147: =IF(RTD("tos.rtd",,T$2,"."&$D$134&$L$82&"C"&$A147)="N/A",0,RTD("tos.rtd",,T$2,"."&$D$134&$L$82&"C"&$A147)) -> 38 | U147: =-IF(RTD("tos.rtd",,U$2,"."&$D$134&$L$82&"P"&$A147)="N/A",0,RTD("tos.rtd",,U$2,"."&$D$134&$L$82&"P"&$A147)) -> 0 | V147: =+Hoja2!Y148 -> 24 | W147: =SUM(P147:V147) -> 89
A148: =+A147-$A$133 -> 25325 | B148: =+IF($A$1="ABS",H148-I148,H148+I148) -> 0 | C148: =+IF($A$1="ABS",J148-K148,J148+K148) -> -3 | D148: =+IF($A$1="ABS",L148-M148,L148+M148) -> 2 | E148: =SUM(B148:D148) -> -1 | F148: =+$F$136/$A$136*A148 -> 25493.709 | H148: =IF(RTD("tos.rtd",,H$83,"."&$B$134&$H$82&"C"&$A148)="N/A",0,RTD("tos.rtd",,H$83,"."&$B$134&$H$82&"C"&$A148)) -> 0 | I148: =-IF(RTD("tos.rtd",,I$83,"."&$B$134&$H$82&"P"&$A148)="N/A",0,RTD("tos.rtd",,I$83,"."&$B$134&$H$82&"P"&$A148)) -> 0 | J148: =IF(RTD("tos.rtd",,J$2,"."&$C$134&$J$134&"C"&$A148)="N/A",0,RTD("tos.rtd",,J$2,"."&$C$134&$J$134&"C"&$A148)) -> 5 | K148: =-IF(RTD("tos.rtd",,K$2,"."&$C$134&$J$134&"P"&$A148)="N/A",0,RTD("tos.rtd",,K$2,"."&$C$134&$J$134&"P"&$A148)) -> -8 | L148: =IF(RTD("tos.rtd",,L$2,"."&$D$134&$L$134&"C"&$A148)="N/A",0,RTD("tos.rtd",,L$2,"."&$D$134&$L$134&"C"&$A148)) -> 9 | M148: =-IF(RTD("tos.rtd",,M$2,"."&$D$134&$L$134&"P"&$A148)="N/A",0,RTD("tos.rtd",,M$2,"."&$D$134&$L$134&"P"&$A148)) -> -7 | N148: =SUM(H148:M148) -> -1 | O148: =+A148 -> 25325 | P148: =IF(RTD("tos.rtd",,P$43,"."&$B$134&$H$82&"C"&$A148)="N/A",0,RTD("tos.rtd",,P$43,"."&$B$134&$H$82&"C"&$A148)) -> 0 | Q148: =-IF(RTD("tos.rtd",,Q$43,"."&$B$134&$H$82&"P"&$A148)="N/A",0,RTD("tos.rtd",,Q$43,"."&$B$134&$H$82&"P"&$A148)) -> 0 | R148: =IF(RTD("tos.rtd",,R$2,"."&$C$134&$J$82&"C"&$A148)="N/A",0,RTD("tos.rtd",,R$2,"."&$C$134&$J$82&"C"&$A148)) -> 1 | S148: =-IF(RTD("tos.rtd",,S$2,"."&$C$134&$J$82&"P"&$A148)="N/A",0,RTD("tos.rtd",,S$2,"."&$C$134&$J$82&"P"&$A148)) -> 0 | T148: =IF(RTD("tos.rtd",,T$2,"."&$D$134&$L$82&"C"&$A148)="N/A",0,RTD("tos.rtd",,T$2,"."&$D$134&$L$82&"C"&$A148)) -> 9 | U148: =-IF(RTD("tos.rtd",,U$2,"."&$D$134&$L$82&"P"&$A148)="N/A",0,RTD("tos.rtd",,U$2,"."&$D$134&$L$82&"P"&$A148)) -> 0 | V148: =+Hoja2!Y149 -> 0 | W148: =SUM(P148:V148) -> 10
A149: =+A148-$A$133 -> 25300 | B149: =+IF($A$1="ABS",H149-I149,H149+I149) -> 4 | C149: =+IF($A$1="ABS",J149-K149,J149+K149) -> 0 | D149: =+IF($A$1="ABS",L149-M149,L149+M149) -> 8 | E149: =SUM(B149:D149) -> 12 | F149: =+$F$136/$A$136*A149 -> 25468.542 | H149: =IF(RTD("tos.rtd",,H$83,"."&$B$134&$H$82&"C"&$A149)="N/A",0,RTD("tos.rtd",,H$83,"."&$B$134&$H$82&"C"&$A149)) -> 16 | I149: =-IF(RTD("tos.rtd",,I$83,"."&$B$134&$H$82&"P"&$A149)="N/A",0,RTD("tos.rtd",,I$83,"."&$B$134&$H$82&"P"&$A149)) -> -12 | J149: =IF(RTD("tos.rtd",,J$2,"."&$C$134&$J$134&"C"&$A149)="N/A",0,RTD("tos.rtd",,J$2,"."&$C$134&$J$134&"C"&$A149)) -> 5 | K149: =-IF(RTD("tos.rtd",,K$2,"."&$C$134&$J$134&"P"&$A149)="N/A",0,RTD("tos.rtd",,K$2,"."&$C$134&$J$134&"P"&$A149)) -> -5 | L149: =IF(RTD("tos.rtd",,L$2,"."&$D$134&$L$134&"C"&$A149)="N/A",0,RTD("tos.rtd",,L$2,"."&$D$134&$L$134&"C"&$A149)) -> 36 | M149: =-IF(RTD("tos.rtd",,M$2,"."&$D$134&$L$134&"P"&$A149)="N/A",0,RTD("tos.rtd",,M$2,"."&$D$134&$L$134&"P"&$A149)) -> -28 | N149: =SUM(H149:M149) -> 12 | O149: =+A149 -> 25300 | P149: =IF(RTD("tos.rtd",,P$43,"."&$B$134&$H$82&"C"&$A149)="N/A",0,RTD("tos.rtd",,P$43,"."&$B$134&$H$82&"C"&$A149)) -> 339 | Q149: =-IF(RTD("tos.rtd",,Q$43,"."&$B$134&$H$82&"P"&$A149)="N/A",0,RTD("tos.rtd",,Q$43,"."&$B$134&$H$82&"P"&$A149)) -> -39 | R149: =IF(RTD("tos.rtd",,R$2,"."&$C$134&$J$82&"C"&$A149)="N/A",0,RTD("tos.rtd",,R$2,"."&$C$134&$J$82&"C"&$A149)) -> 13 | S149: =-IF(RTD("tos.rtd",,S$2,"."&$C$134&$J$82&"P"&$A149)="N/A",0,RTD("tos.rtd",,S$2,"."&$C$134&$J$82&"P"&$A149)) -> -80 | T149: =IF(RTD("tos.rtd",,T$2,"."&$D$134&$L$82&"C"&$A149)="N/A",0,RTD("tos.rtd",,T$2,"."&$D$134&$L$82&"C"&$A149)) -> 24 | U149: =-IF(RTD("tos.rtd",,U$2,"."&$D$134&$L$82&"P"&$A149)="N/A",0,RTD("tos.rtd",,U$2,"."&$D$134&$L$82&"P"&$A149)) -> -10 | V149: =+Hoja2!Y150 -> 366 | W149: =SUM(P149:V149) -> 613
... A189: =+A188-$A$133 -> 24300 | B189: =+IF($A$1="ABS",H189-I189,H189+I189) -> -13 | C189: =+IF($A$1="ABS",J189-K189,J189+K189) -> -31 | D189: =+IF($A$1="ABS",L189-M189,L189+M189) -> -164 | E189: =SUM(B189:D189) -> -208 | F189: =+$F$136/$A$136*A189 -> 24461.88 | H189: =IF(RTD("tos.rtd",,H$83,"."&$B$134&$H$82&"C"&$A189)="N/A",0,RTD("tos.rtd",,H$83,"."&$B$134&$H$82&"C"&$A189)) -> 0 | I189: =-IF(RTD("tos.rtd",,I$83,"."&$B$134&$H$82&"P"&$A189)="N/A",0,RTD("tos.rtd",,I$83,"."&$B$134&$H$82&"P"&$A189)) -> -13 | J189: =IF(RTD("tos.rtd",,J$2,"."&$C$134&$J$134&"C"&$A189)="N/A",0,RTD("tos.rtd",,J$2,"."&$C$134&$J$134&"C"&$A189)) -> 0 | K189: =-IF(RTD("tos.rtd",,K$2,"."&$C$134&$J$134&"P"&$A189)="N/A",0,RTD("tos.rtd",,K$2,"."&$C$134&$J$134&"P"&$A189)) -> -31 | L189: =IF(RTD("tos.rtd",,L$2,"."&$D$134&$L$134&"C"&$A189)="N/A",0,RTD("tos.rtd",,L$2,"."&$D$134&$L$134&"C"&$A189)) -> 7 | M189: =-IF(RTD("tos.rtd",,M$2,"."&$D$134&$L$134&"P"&$A189)="N/A",0,RTD("tos.rtd",,M$2,"."&$D$134&$L$134&"P"&$A189)) -> -171 | N189: =SUM(H189:M189) -> -208 | O189: =+A189 -> 24300 | P189: =IF(RTD("tos.rtd",,P$43,"."&$B$134&$H$82&"C"&$A189)="N/A",0,RTD("tos.rtd",,P$43,"."&$B$134&$H$82&"C"&$A189)) -> 0 | Q189: =-IF(RTD("tos.rtd",,Q$43,"."&$B$134&$H$82&"P"&$A189)="N/A",0,RTD("tos.rtd",,Q$43,"."&$B$134&$H$82&"P"&$A189)) -> -533 | R189: =IF(RTD("tos.rtd",,R$2,"."&$C$134&$J$82&"C"&$A189)="N/A",0,RTD("tos.rtd",,R$2,"."&$C$134&$J$82&"C"&$A189)) -> 0 | S189: =-IF(RTD("tos.rtd",,S$2,"."&$C$134&$J$82&"P"&$A189)="N/A",0,RTD("tos.rtd",,S$2,"."&$C$134&$J$82&"P"&$A189)) -> -4 | T189: =IF(RTD("tos.rtd",,T$2,"."&$D$134&$L$82&"C"&$A189)="N/A",0,RTD("tos.rtd",,T$2,"."&$D$134&$L$82&"C"&$A189)) -> 40 | U189: =-IF(RTD("tos.rtd",,U$2,"."&$D$134&$L$82&"P"&$A189)="N/A",0,RTD("tos.rtd",,U$2,"."&$D$134&$L$82&"P"&$A189)) -> -9 | V189: =+Hoja2!Y190 -> -552 | W189: =SUM(P189:V189) -> -1058
W190: =MIN(W137:W189) -> -1058

Sheet Hoja2
A1: =TEXT(IF(HOUR(NOW())>=17,NOW()+1,NOW()),"YYMMDD") -> 251109 | B1: =IF(AND(TEXT(B3,"YYMMDD")>$A$1,TEXT(B3,"YYMMDD")<>Hoja1!$C$2,TEXT(B3,"YYMMDD")<>Hoja1!$D$2),TEXT(B3,"YYMMDD"),"") -> 251110 | C1: =IF(AND(TEXT(C3,"YYMMDD")>$A$1,TEXT(C3,"YYMMDD")<>Hoja1!$C$2,TEXT(C3,"YYMMDD")<>Hoja1!$D$2),TEXT(C3,"YYMMDD"),"") -> 251111 | D1: =IF(AND(TEXT(D3,"YYMMDD")>$A$1,TEXT(D3,"YYMMDD")<>Hoja1!$C$2,TEXT(D3,"YYMMDD")<>Hoja1!$D$2),TEXT(D3,"YYMMDD"),"") -> 251112 | E1: =IF(AND(TEXT(E3,"YYMMDD")>$A$1,TEXT(E3,"YYMMDD")<>Hoja1!$C$2,TEXT(E3,"YYMMDD")<>Hoja1!$D$2),TEXT(E3,"YYMMDD"),"") -> 251113 | F1: =IF(AND(TEXT(F3,"YYMMDD")>$A$1,TEXT(F3,"YYMMDD")<>Hoja1!$C$2,TEXT(F3,"YYMMDD")<>Hoja1!$D$2),TEXT(F3,"YYMMDD"),"") | G1: =IF(AND(TEXT(G3,"YYMMDD")>$A$1,TEXT(G3,"YYMMDD")<>Hoja1!$C$2,TEXT(G3,"YYMMDD")<>Hoja1!$D$2),TEXT(G3,"YYMMDD"),"") | H1: =IF(AND(TEXT(H3,"YYMMDD")>$A$1,TEXT(H3,"YYMMDD")<>Hoja1!$C$2,TEXT(H3,"YYMMDD")<>Hoja1!$D$2),TEXT(H3,"YYMMDD"),"") -> 251128 | I1: =IF(AND(TEXT(I3,"YYMMDD")>$A$1,TEXT(I3,"YYMMDD")<>Hoja1!$C$2,TEXT(I3,"YYMMDD")<>Hoja1!$D$2),TEXT(I3,"YYMMDD"),"") -> 251205 | ... X1: =IF(AND(TEXT(X3,"YYMMDD")>$A$1,TEXT(X3,"YYMMDD")<>Hoja1!$C$2,TEXT(X3,"YYMMDD")<>Hoja1!$D$2),TEXT(X3,"YYMMDD"),"") -> 261030
A2: VOLUME | B2: =+A3 -> SPY | C2: =+B2 -> SPY | D2: =+C2 -> SPY | E2: =+D2 -> SPY | F2: =+E2 -> SPY | G2: =+F2 -> SPY | H2: =+G2 -> SPY | I2: =+H2 -> SPY | J2: =+I2 -> SPY | ... L2: =+K2 -> SPY | M2: =+K2 -> SPY | N2: =+L2 -> SPY | O2: =+M2 -> SPY | P2: =+N2 -> SPY | Q2: =+O2 -> SPY | R2: =+P2 -> SPY | S2: =+Q2 -> SPY | T2: =+R2 -> SPY | ... X2: =+V2 -> SPY
A3: =+Hoja1!A2 -> SPY | B3: 45971 | C3: =+B3+1 -> 45972 | D3: =+C3+1 -> 45973 | E3: =+D3+1 -> 45974 | F3: =+E3+1 -> 45975 | G3: =+F3+7 -> 45982 | H3: =+G3+7 -> 45989 | I3: =+H3+7 -> 45996 | J3: =+I3+7 -> 46003 | K3: =+J3+7 -> 46010 | L3: =+J3+7+7+7+7 -> 46031 | M3: =+L3+7+7+7 -> 46052 | N3: =+M3+7 -> 46059 | O3: 46022 | P3: =+N3+7+7+7 -> 46080 | Q3: =+P3+7+7+7+7+7 -> 46115 | R3: =+Q3+7+7+7+7 -> 46143 | S3: =+R3+7+7+7+7 -> 46171 | T3: =+S3+7+7+7+7 -> 46199 | U3: =+T3+7+7+7+7+7 -> 46234 | V3: =+U3+7+7+7+7 -> 46262 | W3: =+V3+7+7+7+7+7 -> 46297 | X3: =+W3+7+7+7+7 -> 46325
A4: =+Hoja1!A3 -> 672.36
A5: =+Hoja1!A4 -> 689 | B5: =IF(RTD("tos.rtd",,$A$2,"."&B$2&B$1&"C"&$A5)="N/A",0,RTD("tos.rtd",,$A$2,"."&B$2&B$1&"C"&$A5))-IF(RTD("tos.rtd",,$A$2,"."&B$2&B$1&"P"&$A5)="N/A",0,RTD("tos.rtd",,$A$2,"."&B$2&B$1&"P"&$A5)) -> 549 | C5: =IF(RTD("tos.rtd",,$A$2,"."&C$2&C$1&"C"&$A5)="N/A",0,RTD("tos.rtd",,$A$2,"."&C$2&C$1&"C"&$A5))-IF(RTD("tos.rtd",,$A$2,"."&C$2&C$1&"P"&$A5)="N/A",0,RTD("tos.rtd",,$A$2,"."&C$2&C$1&"P"&$A5)) -> 672 | D5: =IF(RTD("tos.rtd",,$A$2,"."&D$2&D$1&"C"&$A5)="N/A",0,RTD("tos.rtd",,$A$2,"."&D$2&D$1&"C"&$A5))-IF(RTD("tos.rtd",,$A$2,"."&D$2&D$1&"P"&$A5)="N/A",0,RTD("tos.rtd",,$A$2,"."&D$2&D$1&"P"&$A5)) -> 121 | E5: =IF(RTD("tos.rtd",,$A$2,"."&E$2&E$1&"C"&$A5)="N/A",0,RTD("tos.rtd",,$A$2,"."&E$2&E$1&"C"&$A5))-IF(RTD("tos.rtd",,$A$2,"."&E$2&E$1&"P"&$A5)="N/A",0,RTD("tos.rtd",,$A$2,"."&E$2&E$1&"P"&$A5)) -> 455 | F5: =IF(RTD("tos.rtd",,$A$2,"."&F$2&F$1&"C"&$A5)="N/A",0,RTD("tos.rtd",,$A$2,"."&F$2&F$1&"C"&$A5))-IF(RTD("tos.rtd",,$A$2,"."&F$2&F$1&"P"&$A5)="N/A",0,RTD("tos.rtd",,$A$2,"."&F$2&F$1&"P"&$A5)) -> 0 | G5: =IF(RTD("tos.rtd",,$A$2,"."&G$2&G$1&"C"&$A5)="N/A",0,RTD("tos.rtd",,$A$2,"."&G$2&G$1&"C"&$A5))-IF(RTD("tos.rtd",,$A$2,"."&G$2&G$1&"P"&$A5)="N/A",0,RTD("tos.rtd",,$A$2,"."&G$2&G$1&"P"&$A5)) -> 0 | H5: =IF(RTD("tos.rtd",,$A$2,"."&H$2&H$1&"C"&$A5)="N/A",0,RTD("tos.rtd",,$A$2,"."&H$2&H$1&"C"&$A5))-IF(RTD("tos.rtd",,$A$2,"."&H$2&H$1&"P"&$A5)="N/A",0,RTD("tos.rtd",,$A$2,"."&H$2&H$1&"P"&$A5)) -> 575 | I5: =IF(RTD("tos.rtd",,$A$2,"."&I$2&I$1&"C"&$A5)="N/A",0,RTD("tos.rtd",,$A$2,"."&I$2&I$1&"C"&$A5))-IF(RTD("tos.rtd",,$A$2,"."&I$2&I$1&"P"&$A5)="N/A",0,RTD("tos.rtd",,$A$2,"."&I$2&I$1&"P"&$A5)) -> 224 | ... X5: =IF(RTD("tos.rtd",,$A$2,"."&X$2&X$1&"C"&$A5)="N/A",0,RTD("tos.rtd",,$A$2,"."&X$2&X$1&"C"&$A5))-IF(RTD("tos.rtd",,$A$2,"."&X$2&X$1&"P"&$A5)="N/A",0,RTD("tos.rtd",,$A$2,"."&X$2&X$1&"P"&$A5)) -> 0 | Y5: =SUM(B5:X5) -> 3001
A6: =+Hoja1!A5 -> 688 | B6: =IF(RTD("tos.rtd",,$A$2,"."&B$2&B$1&"C"&$A6)="N/A",0,RTD("tos.rtd",,$A$2,"."&B$2&B$1&"C"&$A6))-IF(RTD("tos.rtd",,$A$2,"."&B$2&B$1&"P"&$A6)="N/A",0,RTD("tos.rtd",,$A$2,"."&B$2&B$1&"P"&$A6)) -> 2216 | C6: =IF(RTD("tos.rtd",,$A$2,"."&C$2&C$1&"C"&$A6)="N/A",0,RTD("tos.rtd",,$A$2,"."&C$2&C$1&"C"&$A6))-IF(RTD("tos.rtd",,$A$2,"."&C$2&C$1&"P"&$A6)="N/A",0,RTD("tos.rtd",,$A$2,"."&C$2&C$1&"P"&$A6)) -> 326 | D6: =IF(RTD("tos.rtd",,$A$2,"."&D$2&D$1&"C"&$A6)="N/A",0,RTD("tos.rtd",,$A$2,"."&D$2&D$1&"C"&$A6))-IF(RTD("tos.rtd",,$A$2,"."&D$2&D$1&"P"&$A6)="N/A",0,RTD("tos.rtd",,$A$2,"."&D$2&D$1&"P"&$A6)) -> 499 | E6: =IF(RTD("tos.rtd",,$A$2,"."&E$2&E$1&"C"&$A6)="N/A",0,RTD("tos.rtd",,$A$2,"."&E$2&E$1&"C"&$A6))-IF(RTD("tos.rtd",,$A$2,"."&E$2&E$1&"P"&$A6)="N/A",0,RTD("tos.rtd",,$A$2,"."&E$2&E$1&"P"&$A6)) -> 241 | F6: =IF(RTD("tos.rtd",,$A$2,"."&F$2&F$1&"C"&$A6)="N/A",0,RTD("tos.rtd",,$A$2,"."&F$2&F$1&"C"&$A6))-IF(RTD("tos.rtd",,$A$2,"."&F$2&F$1&"P"&$A6)="N/A",0,RTD("tos.rtd",,$A$2,"."&F$2&F$1&"P"&$A6)) -> 0 | G6: =IF(RTD("tos.rtd",,$A$2,"."&G$2&G$1&"C"&$A6)="N/A",0,RTD("tos.rtd",,$A$2,"."&G$2&G$1&"C"&$A6))-IF(RTD("tos.rtd",,$A$2,"."&G$2&G$1&"P"&$A6)="N/A",0,RTD("tos.rtd",,$A$2,"."&G$2&G$1&"P"&$A6)) -> 0 | H6: =IF(RTD("tos.rtd",,$A$2,"."&H$2&H$1&"C"&$A6)="N/A",0,RTD("tos.rtd",,$A$2,"."&H$2&H$1&"C"&$A6))-IF(RTD("tos.rtd",,$A$2,"."&H$2&H$1&"P"&$A6)="N/A",0,RTD("tos.rtd",,$A$2,"."&H$2&H$1&"P"&$A6)) -> 503 | I6: =IF(RTD("tos.rtd",,$A$2,"."&I$2&I$1&"C"&$A6)="N/A",0,RTD("tos.rtd",,$A$2,"."&I$2&I$1&"C"&$A6))-IF(RTD("tos.rtd",,$A$2,"."&I$2&I$1&"P"&$A6)="N/A",0,RTD("tos.rtd",,$A$2,"."&I$2&I$1&"P"&$A6)) -> 287 | ... X6: =IF(RTD("tos.rtd",,$A$2,"."&X$2&X$1&"C"&$A6)="N/A",0,RTD("tos.rtd",,$A$2,"."&X$2&X$1&"C"&$A6))-IF(RTD("tos.rtd",,$A$2,"."&X$2&X$1&"P"&$A6)="N/A",0,RTD("tos.rtd",,$A$2,"."&X$2&X$1&"P"&$A6)) -> 0 | Y6: =SUM(B6:X6) -> 4683
A7: =+Hoja1!A6 -> 687 | B7: =IF(RTD("tos.rtd",,$A$2,"."&B$2&B$1&"C"&$A7)="N/A",0,RTD("tos.rtd",,$A$2,"."&B$2&B$1&"C"&$A7))-IF(RTD("tos.rtd",,$A$2,"."&B$2&B$1&"P"&$A7)="N/A",0,RTD("tos.rtd",,$A$2,"."&B$2&B$1&"P"&$A7)) -> 1864 | C7: =IF(RTD("tos.rtd",,$A$2,"."&C$2&C$1&"C"&$A7)="N/A",0,RTD("tos.rtd",,$A$2,"."&C$2&C$1&"C"&$A7))-IF(RTD("tos.rtd",,$A$2,"."&C$2&C$1&"P"&$A7)="N/A",0,RTD("tos.rtd",,$A$2,"."&C$2&C$1&"P"&$A7)) -> 619 | D7: =IF(RTD("tos.rtd",,$A$2,"."&D$2&D$1&"C"&$A7)="N/A",0,RTD("tos.rtd",,$A$2,"."&D$2&D$1&"C"&$A7))-IF(RTD("tos.rtd",,$A$2,"."&D$2&D$1&"P"&$A7)="N/A",0,RTD("tos.rtd",,$A$2,"."&D$2&D$1&"P"&$A7)) -> 1207 | E7: =IF(RTD("tos.rtd",,$A$2,"."&E$2&E$1&"C"&$A7)="N/A",0,RTD("tos.rtd",,$A$2,"."&E$2&E$1&"C"&$A7))-IF(RTD("tos.rtd",,$A$2,"."&E$2&E$1&"P"&$A7)="N/A",0,RTD("tos.rtd",,$A$2,"."&E$2&E$1&"P"&$A7)) -> 305 | F7: =IF(RTD("tos.rtd",,$A$2,"."&F$2&F$1&"C"&$A7)="N/A",0,RTD("tos.rtd",,$A$2,"."&F$2&F$1&"C"&$A7))-IF(RTD("tos.rtd",,$A$2,"."&F$2&F$1&"P"&$A7)="N/A",0,RTD("tos.rtd",,$A$2,"."&F$2&F$1&"P"&$A7)) -> 0 | G7: =IF(RTD("tos.rtd",,$A$2,"."&G$2&G$1&"C"&$A7)="N/A",0,RTD("tos.rtd",,$A$2,"."&G$2&G$1&"C"&$A7))-IF(RTD("tos.rtd",,$A$2,"."&G$2&G$1&"P"&$A7)="N/A",0,RTD("tos.rtd",,$A$2,"."&G$2&G$1&"P"&$A7)) -> 0 | H7: =IF(RTD("tos.rtd",,$A$2,"."&H$2&H$1&"C"&$A7)="N/A",0,RTD("tos.rtd",,$A$2,"."&H$2&H$1&"C"&$A7))-IF(RTD("tos.rtd",,$A$2,"."&H$2&H$1&"P"&$A7)="N/A",0,RTD("tos.rtd",,$A$2,"."&H$2&H$1&"P"&$A7)) -> -63 | I7: =IF(RTD("tos.rtd",,$A$2,"."&I$2&I$1&"C"&$A7)="N/A",0,RTD("tos.rtd",,$A$2,"."&I$2&I$1&"C"&$A7))-IF(RTD("tos.rtd",,$A$2,"."&I$2&I$1&"P"&$A7)="N/A",0,RTD("tos.rtd",,$A$2,"."&I$2&I$1&"P"&$A7)) -> 309 | ... X7: =IF(RTD("tos.rtd",,$A$2,"."&X$2&X$1&"C"&$A7)="N/A",0,RTD("tos.rtd",,$A$2,"."&X$2&X$1&"C"&$A7))-IF(RTD("tos.rtd",,$A$2,"."&X$2&X$1&"P"&$A7)="N/A",0,RTD("tos.rtd",,$A$2,"."&X$2&X$1&"P"&$A7)) -> 0 | Y7: =SUM(B7:X7) -> 4548
A8: =+Hoja1!A7 -> 686 | B8: =IF(RTD("tos.rtd",,$A$2,"."&B$2&B$1&"C"&$A8)="N/A",0,RTD("tos.rtd",,$A$2,"."&B$2&B$1&"C"&$A8))-IF(RTD("tos.rtd",,$A$2,"."&B$2&B$1&"P"&$A8)="N/A",0,RTD("tos.rtd",,$A$2,"."&B$2&B$1&"P"&$A8)) -> 2956 | C8: =IF(RTD("tos.rtd",,$A$2,"."&C$2&C$1&"C"&$A8)="N/A",0,RTD("tos.rtd",,$A$2,"."&C$2&C$1&"C"&$A8))-IF(RTD("tos.rtd",,$A$2,"."&C$2&C$1&"P"&$A8)="N/A",0,RTD("tos.rtd",,$A$2,"."&C$2&C$1&"P"&$A8)) -> 706 | D8: =IF(RTD("tos.rtd",,$A$2,"."&D$2&D$1&"C"&$A8)="N/A",0,RTD("tos.rtd",,$A$2,"."&D$2&D$1&"C"&$A8))-IF(RTD("tos.rtd",,$A$2,"."&D$2&D$1&"P"&$A8)="N/A",0,RTD("tos.rtd",,$A$2,"."&D$2&D$1&"P"&$A8)) -> 438 | E8: =IF(RTD("tos.rtd",,$A$2,"."&E$2&E$1&"C"&$A8)="N/A",0,RTD("tos.rtd",,$A$2,"."&E$2&E$1&"C"&$A8))-IF(RTD("tos.rtd",,$A$2,"."&E$2&E$1&"P"&$A8)="N/A",0,RTD("tos.rtd",,$A$2,"."&E$2&E$1&"P"&$A8)) -> 4762 | F8: =IF(RTD("tos.rtd",,$A$2,"."&F$2&F$1&"C"&$A8)="N/A",0,RTD("tos.rtd",,$A$2,"."&F$2&F$1&"C"&$A8))-IF(RTD("tos.rtd",,$A$2,"."&F$2&F$1&"P"&$A8)="N/A",0,RTD("tos.rtd",,$A$2,"."&F$2&F$1&"P"&$A8)) -> 0 | G8: =IF(RTD("tos.rtd",,$A$2,"."&G$2&G$1&"C"&$A8)="N/A",0,RTD("tos.rtd",,$A$2,"."&G$2&G$1&"C"&$A8))-IF(RTD("tos.rtd",,$A$2,"."&G$2&G$1&"P"&$A8)="N/A",0,RTD("tos.rtd",,$A$2,"."&G$2&G$1&"P"&$A8)) -> 0 | H8: =IF(RTD("tos.rtd",,$A$2,"."&H$2&H$1&"C"&$A8)="N/A",0,RTD("tos.rtd",,$A$2,"."&H$2&H$1&"C"&$A8))-IF(RTD("tos.rtd",,$A$2,"."&H$2&H$1&"P"&$A8)="N/A",0,RTD("tos.rtd",,$A$2,"."&H$2&H$1&"P"&$A8)) -> 562 | I8: =IF(RTD("tos.rtd",,$A$2,"."&I$2&I$1&"C"&$A8)="N/A",0,RTD("tos.rtd",,$A$2,"."&I$2&I$1&"C"&$A8))-IF(RTD("tos.rtd",,$A$2,"."&I$2&I$1&"P"&$A8)="N/A",0,RTD("tos.rtd",,$A$2,"."&I$2&I$1&"P"&$A8)) -> 308 | ... X8: =IF(RTD("tos.rtd",,$A$2,"."&X$2&X$1&"C"&$A8)="N/A",0,RTD("tos.rtd",,$A$2,"."&X$2&X$1&"C"&$A8))-IF(RTD("tos.rtd",,$A$2,"."&X$2&X$1&"P"&$A8)="N/A",0,RTD("tos.rtd",,$A$2,"."&X$2&X$1&"P"&$A8)) -> 0 | Y8: =SUM(B8:X8) -> 9798
A9: =+Hoja1!A8 -> 685 | B9: =IF(RTD("tos.rtd",,$A$2,"."&B$2&B$1&"C"&$A9)="N/A",0,RTD("tos.rtd",,$A$2,"."&B$2&B$1&"C"&$A9))-IF(RTD("tos.rtd",,$A$2,"."&B$2&B$1&"P"&$A9)="N/A",0,RTD("tos.rtd",,$A$2,"."&B$2&B$1&"P"&$A9)) -> 9054 | C9: =IF(RTD("tos.rtd",,$A$2,"."&C$2&C$1&"C"&$A9)="N/A",0,RTD("tos.rtd",,$A$2,"."&C$2&C$1&"C"&$A9))-IF(RTD("tos.rtd",,$A$2,"."&C$2&C$1&"P"&$A9)="N/A",0,RTD("tos.rtd",,$A$2,"."&C$2&C$1&"P"&$A9)) -> 5579 | D9: =IF(RTD("tos.rtd",,$A$2,"."&D$2&D$1&"C"&$A9)="N/A",0,RTD("tos.rtd",,$A$2,"."&D$2&D$1&"C"&$A9))-IF(RTD("tos.rtd",,$A$2,"."&D$2&D$1&"P"&$A9)="N/A",0,RTD("tos.rtd",,$A$2,"."&D$2&D$1&"P"&$A9)) -> 1818 | E9: =IF(RTD("tos.rtd",,$A$2,"."&E$2&E$1&"C"&$A9)="N/A",0,RTD("tos.rtd",,$A$2,"."&E$2&E$1&"C"&$A9))-IF(RTD("tos.rtd",,$A$2,"."&E$2&E$1&"P"&$A9)="N/A",0,RTD("tos.rtd",,$A$2,"."&E$2&E$1&"P"&$A9)) -> 519 | F9: =IF(RTD("tos.rtd",,$A$2,"."&F$2&F$1&"C"&$A9)="N/A",0,RTD("tos.rtd",,$A$2,"."&F$2&F$1&"C"&$A9))-IF(RTD("tos.rtd",,$A$2,"."&F$2&F$1&"P"&$A9)="N/A",0,RTD("tos.rtd",,$A$2,"."&F$2&F$1&"P"&$A9)) -> 0 | G9: =IF(RTD("tos.rtd",,$A$2,"."&G$2&G$1&"C"&$A9)="N/A",0,RTD("tos.rtd",,$A$2,"."&G$2&G$1&"C"&$A9))-IF(RTD("tos.rtd",,$A$2,"."&G$2&G$1&"P"&$A9)="N/A",0,RTD("tos.rtd",,$A$2,"."&G$2&G$1&"P"&$A9)) -> 0 | H9: =IF(RTD("tos.rtd",,$A$2,"."&H$2&H$1&"C"&$A9)="N/A",0,RTD("tos.rtd",,$A$2,"."&H$2&H$1&"C"&$A9))-IF(RTD("tos.rtd",,$A$2,"."&H$2&H$1&"P"&$A9)="N/A",0,RTD("tos.rtd",,$A$2,"."&H$2&H$1&"P"&$A9)) -> 3641 | I9: =IF(RTD("tos.rtd",,$A$2,"."&I$2&I$1&"C"&$A9)="N/A",0,RTD("tos.rtd",,$A$2,"."&I$2&I$1&"C"&$A9))-IF(RTD("tos.rtd",,$A$2,"."&I$2&I$1&"P"&$A9)="N/A",0,RTD("tos.rtd",,$A$2,"."&I$2&I$1&"P"&$A9)) -> 1609 | ... X9: =IF(RTD("tos.rtd",,$A$2,"."&X$2&X$1&"C"&$A9)="N/A",0,RTD("tos.rtd",,$A$2,"."&X$2&X$1&"C"&$A9))-IF(RTD("tos.rtd",,$A$2,"."&X$2&X$1&"P"&$A9)="N/A",0,RTD("tos.rtd",,$A$2,"."&X$2&X$1&"P"&$A9)) -> 0 | Y9: =SUM(B9:X9) -> 25311
A10: =+Hoja1!A9 -> 684 | B10: =IF(RTD("tos.rtd",,$A$2,"."&B$2&B$1&"C"&$A10)="N/A",0,RTD("tos.rtd",,$A$2,"."&B$2&B$1&"C"&$A10))-IF(RTD("tos.rtd",,$A$2,"."&B$2&B$1&"P"&$A10)="N/A",0,RTD("tos.rtd",,$A$2,"."&B$2&B$1&"P"&$A10)) -> 4075 | C10: =IF(RTD("tos.rtd",,$A$2,"."&C$2&C$1&"C"&$A10)="N/A",0,RTD("tos.rtd",,$A$2,"."&C$2&C$1&"C"&$A10))-IF(RTD("tos.rtd",,$A$2,"."&C$2&C$1&"P"&$A10)="N/A",0,RTD("tos.rtd",,$A$2,"."&C$2&C$1&"P"&$A10)) -> 1713 | D10: =IF(RTD("tos.rtd",,$A$2,"."&D$2&D$1&"C"&$A10)="N/A",0,RTD("tos.rtd",,$A$2,"."&D$2&D$1&"C"&$A10))-IF(RTD("tos.rtd",,$A$2,"."&D$2&D$1&"P"&$A10)="N/A",0,RTD("tos.rtd",,$A$2,"."&D$2&D$1&"P"&$A10)) -> 1195 | E10: =IF(RTD("tos.rtd",,$A$2,"."&E$2&E$1&"C"&$A10)="N/A",0,RTD("tos.rtd",,$A$2,"."&E$2&E$1&"C"&$A10))-IF(RTD("tos.rtd",,$A$2,"."&E$2&E$1&"P"&$A10)="N/A",0,RTD("tos.rtd",,$A$2,"."&E$2&E$1&"P"&$A10)) -> 464 | F10: =IF(RTD("tos.rtd",,$A$2,"."&F$2&F$1&"C"&$A10)="N/A",0,RTD("tos.rtd",,$A$2,"."&F$2&F$1&"C"&$A10))-IF(RTD("tos.rtd",,$A$2,"."&F$2&F$1&"P"&$A10)="N/A",0,RTD("tos.rtd",,$A$2,"."&F$2&F$1&"P"&$A10)) -> 0 | G10: =IF(RTD("tos.rtd",,$A$2,"."&G$2&G$1&"C"&$A10)="N/A",0,RTD("tos.rtd",,$A$2,"."&G$2&G$1&"C"&$A10))-IF(RTD("tos.rtd",,$A$2,"."&G$2&G$1&"P"&$A10)="N/A",0,RTD("tos.rtd",,$A$2,"."&G$2&G$1&"P"&$A10)) -> 0 | H10: =IF(RTD("tos.rtd",,$A$2,"."&H$2&H$1&"C"&$A10)="N/A",0,RTD("tos.rtd",,$A$2,"."&H$2&H$1&"C"&$A10))-IF(RTD("tos.rtd",,$A$2,"."&H$2&H$1&"P"&$A10)="N/A",0,RTD("tos.rtd",,$A$2,"."&H$2&H$1&"P"&$A10)) -> 129 | I10: =IF(RTD("tos.rtd",,$A$2,"."&I$2&I$1&"C"&$A10)="N/A",0,RTD("tos.rtd",,$A$2,"."&I$2&I$1&"C"&$A10))-IF(RTD("tos.rtd",,$A$2,"."&I$2&I$1&"P"&$A10)="N/A",0,RTD("tos.rtd",,$A$2,"."&I$2&I$1&"P"&$A10)) -> 187 | ... X10: =IF(RTD("tos.rtd",,$A$2,"."&X$2&X$1&"C"&$A10)="N/A",0,RTD("tos.rtd",,$A$2,"."&X$2&X$1&"C"&$A10))-IF(RTD("tos.rtd",,$A$2,"."&X$2&X$1&"P"&$A10)="N/A",0,RTD("tos.rtd",,$A$2,"."&X$2&X$1&"P"&$A10)) -> 0 | Y10: =SUM(B10:X10) -> 8593
A11: =+Hoja1!A10 -> 683 | B11: =IF(RTD("tos.rtd",,$A$2,"."&B$2&B$1&"C"&$A11)="N/A",0,RTD("tos.rtd",,$A$2,"."&B$2&B$1&"C"&$A11))-IF(RTD("tos.rtd",,$A$2,"."&B$2&B$1&"P"&$A11)="N/A",0,RTD("tos.rtd",,$A$2,"."&B$2&B$1&"P"&$A11)) -> 5630 | C11: =IF(RTD("tos.rtd",,$A$2,"."&C$2&C$1&"C"&$A11)="N/A",0,RTD("tos.rtd",,$A$2,"."&C$2&C$1&"C"&$A11))-IF(RTD("tos.rtd",,$A$2,"."&C$2&C$1&"P"&$A11)="N/A",0,RTD("tos.rtd",,$A$2,"."&C$2&C$1&"P"&$A11)) -> 6917 | D11: =IF(RTD("tos.rtd",,$A$2,"."&D$2&D$1&"C"&$A11)="N/A",0,RTD("tos.rtd",,$A$2,"."&D$2&D$1&"C"&$A11))-IF(RTD("tos.rtd",,$A$2,"."&D$2&D$1&"P"&$A11)="N/A",0,RTD("tos.rtd",,$A$2,"."&D$2&D$1&"P"&$A11)) -> 1189 | E11: =IF(RTD("tos.rtd",,$A$2,"."&E$2&E$1&"C"&$A11)="N/A",0,RTD("tos.rtd",,$A$2,"."&E$2&E$1&"C"&$A11))-IF(RTD("tos.rtd",,$A$2,"."&E$2&E$1&"P"&$A11)="N/A",0,RTD("tos.rtd",,$A$2,"."&E$2&E$1&"P"&$A11)) -> 3565 | F11: =IF(RTD("tos.rtd",,$A$2,"."&F$2&F$1&"C"&$A11)="N/A",0,RTD("tos.rtd",,$A$2,"."&F$2&F$1&"C"&$A11))-IF(RTD("tos.rtd",,$A$2,"."&F$2&F$1&"P"&$A11)="N/A",0,RTD("tos.rtd",,$A$2,"."&F$2&F$1&"P"&$A11)) -> 0 | G11: =IF(RTD("tos.rtd",,$A$2,"."&G$2&G$1&"C"&$A11)="N/A",0,RTD("tos.rtd",,$A$2,"."&G$2&G$1&"C"&$A11))-IF(RTD("tos.rtd",,$A$2,"."&G$2&G$1&"P"&$A11)="N/A",0,RTD("tos.rtd",,$A$2,"."&G$2&G$1&"P"&$A11)) -> 0 | H11: =IF(RTD("tos.rtd",,$A$2,"."&H$2&H$1&"C"&$A11)="N/A",0,RTD("tos.rtd",,$A$2,"."&H$2&H$1&"C"&$A11))-IF(RTD("tos.rtd",,$A$2,"."&H$2&H$1&"P"&$A11)="N/A",0,RTD("tos.rtd",,$A$2,"."&H$2&H$1&"P"&$A11)) -> 323 | I11: =IF(RTD("tos.rtd",,$A$2,"."&I$2&I$1&"C"&$A11)="N/A",0,RTD("tos.rtd",,$A$2,"."&I$2&I$1&"C"&$A11))-IF(RTD("tos.rtd",,$A$2,"."&I$2&I$1&"P"&$A11)="N/A",0,RTD("tos.rtd",,$A$2,"."&I$2&I$1&"P"&$A11)) -> 218 | ... X11: =IF(RTD("tos.rtd",,$A$2,"."&X$2&X$1&"C"&$A11)="N/A",0,RTD("tos.rtd",,$A$2,"."&X$2&X$1&"C"&$A11))-IF(RTD("tos.rtd",,$A$2,"."&X$2&X$1&"P"&$A11)="N/A",0,RTD("tos.rtd",,$A$2,"."&X$2&X$1&"P"&$A11)) -> 0 | Y11: =SUM(B11:X11) -> 18266
A12: =+Hoja1!A11 -> 682 | B12: =IF(RTD("tos.rtd",,$A$2,"."&B$2&B$1&"C"&$A12)="N/A",0,RTD("tos.rtd",,$A$2,"."&B$2&B$1&"C"&$A12))-IF(RTD("tos.rtd",,$A$2,"."&B$2&B$1&"P"&$A12)="N/A",0,RTD("tos.rtd",,$A$2,"."&B$2&B$1&"P"&$A12)) -> 11920 | C12: =IF(RTD("tos.rtd",,$A$2,"."&C$2&C$1&"C"&$A12)="N/A",0,RTD("tos.rtd",,$A$2,"."&C$2&C$1&"C"&$A12))-IF(RTD("tos.rtd",,$A$2,"."&C$2&C$1&"P"&$A12)="N/A",0,RTD("tos.rtd",,$A$2,"."&C$2&C$1&"P"&$A12)) -> 4045 | D12: =IF(RTD("tos.rtd",,$A$2,"."&D$2&D$1&"C"&$A12)="N/A",0,RTD("tos.rtd",,$A$2,"."&D$2&D$1&"C"&$A12))-IF(RTD("tos.rtd",,$A$2,"."&D$2&D$1&"P"&$A12)="N/A",0,RTD("tos.rtd",,$A$2,"."&D$2&D$1&"P"&$A12)) -> 2633 | E12: =IF(RTD("tos.rtd",,$A$2,"."&E$2&E$1&"C"&$A12)="N/A",0,RTD("tos.rtd",,$A$2,"."&E$2&E$1&"C"&$A12))-IF(RTD("tos.rtd",,$A$2,"."&E$2&E$1&"P"&$A12)="N/A",0,RTD("tos.rtd",,$A$2,"."&E$2&E$1&"P"&$A12)) -> 404 | F12: =IF(RTD("tos.rtd",,$A$2,"."&F$2&F$1&"C"&$A12)="N/A",0,RTD("tos.rtd",,$A$2,"."&F$2&F$1&"C"&$A12))-IF(RTD("tos.rtd",,$A$2,"."&F$2&F$1&"P"&$A12)="N/A",0,RTD("tos.rtd",,$A$2,"."&F$2&F$1&"P"&$A12)) -> 0 | G12: =IF(RTD("tos.rtd",,$A$2,"."&G$2&G$1&"C"&$A12)="N/A",0,RTD("tos.rtd",,$A$2,"."&G$2&G$1&"C"&$A12))-IF(RTD("tos.rtd",,$A$2,"."&G$2&G$1&"P"&$A12)="N/A",0,RTD("tos.rtd",,$A$2,"."&G$2&G$1&"P"&$A12)) -> 0 | H12: =IF(RTD("tos.rtd",,$A$2,"."&H$2&H$1&"C"&$A12)="N/A",0,RTD("tos.rtd",,$A$2,"."&H$2&H$1&"C"&$A12))-IF(RTD("tos.rtd",,$A$2,"."&H$2&H$1&"P"&$A12)="N/A",0,RTD("tos.rtd",,$A$2,"."&H$2&H$1&"P"&$A12)) -> 336 | I12: =IF(RTD("tos.rtd",,$A$2,"."&I$2&I$1&"C"&$A12)="N/A",0,RTD("tos.rtd",,$A$2,"."&I$2&I$1&"C"&$A12))-IF(RTD("tos.rtd",,$A$2,"."&I$2&I$1&"P"&$A12)="N/A",0,RTD("tos.rtd",,$A$2,"."&I$2&I$1&"P"&$A12)) -> 549 | ... X12: =IF(RTD("tos.rtd",,$A$2,"."&X$2&X$1&"C"&$A12)="N/A",0,RTD("tos.rtd",,$A$2,"."&X$2&X$1&"C"&$A12))-IF(RTD("tos.rtd",,$A$2,"."&X$2&X$1&"P"&$A12)="N/A",0,RTD("tos.rtd",,$A$2,"."&X$2&X$1&"P"&$A12)) -> 0 | Y12: =SUM(B12:X12) -> 21300
A13: =+Hoja1!A12 -> 681 | B13: =IF(RTD("tos.rtd",,$A$2,"."&B$2&B$1&"C"&$A13)="N/A",0,RTD("tos.rtd",,$A$2,"."&B$2&B$1&"C"&$A13))-IF(RTD("tos.rtd",,$A$2,"."&B$2&B$1&"P"&$A13)="N/A",0,RTD("tos.rtd",,$A$2,"."&B$2&B$1&"P"&$A13)) -> 15442 | C13: =IF(RTD("tos.rtd",,$A$2,"."&C$2&C$1&"C"&$A13)="N/A",0,RTD("tos.rtd",,$A$2,"."&C$2&C$1&"C"&$A13))-IF(RTD("tos.rtd",,$A$2,"."&C$2&C$1&"P"&$A13)="N/A",0,RTD("tos.rtd",,$A$2,"."&C$2&C$1&"P"&$A13)) -> 2707 | D13: =IF(RTD("tos.rtd",,$A$2,"."&D$2&D$1&"C"&$A13)="N/A",0,RTD("tos.rtd",,$A$2,"."&D$2&D$1&"C"&$A13))-IF(RTD("tos.rtd",,$A$2,"."&D$2&D$1&"P"&$A13)="N/A",0,RTD("tos.rtd",,$A$2,"."&D$2&D$1&"P"&$A13)) -> 1399 | E13: =IF(RTD("tos.rtd",,$A$2,"."&E$2&E$1&"C"&$A13)="N/A",0,RTD("tos.rtd",,$A$2,"."&E$2&E$1&"C"&$A13))-IF(RTD("tos.rtd",,$A$2,"."&E$2&E$1&"P"&$A13)="N/A",0,RTD("tos.rtd",,$A$2,"."&E$2&E$1&"P"&$A13)) -> 514 | F13: =IF(RTD("tos.rtd",,$A$2,"."&F$2&F$1&"C"&$A13)="N/A",0,RTD("tos.rtd",,$A$2,"."&F$2&F$1&"C"&$A13))-IF(RTD("tos.rtd",,$A$2,"."&F$2&F$1&"P"&$A13)="N/A",0,RTD("tos.rtd",,$A$2,"."&F$2&F$1&"P"&$A13)) -> 0 | G13: =IF(RTD("tos.rtd",,$A$2,"."&G$2&G$1&"C"&$A13)="N/A",0,RTD("tos.rtd",,$A$2,"."&G$2&G$1&"C"&$A13))-IF(RTD("tos.rtd",,$A$2,"."&G$2&G$1&"P"&$A13)="N/A",0,RTD("tos.rtd",,$A$2,"."&G$2&G$1&"P"&$A13)) -> 0 | H13: =IF(RTD("tos.rtd",,$A$2,"."&H$2&H$1&"C"&$A13)="N/A",0,RTD("tos.rtd",,$A$2,"."&H$2&H$1&"C"&$A13))-IF(RTD("tos.rtd",,$A$2,"."&H$2&H$1&"P"&$A13)="N/A",0,RTD("tos.rtd",,$A$2,"."&H$2&H$1&"P"&$A13)) -> 384 | I13: =IF(RTD("tos.rtd",,$A$2,"."&I$2&I$1&"C"&$A13)="N/A",0,RTD("tos.rtd",,$A$2,"."&I$2&I$1&"C"&$A13))-IF(RTD("tos.rtd",,$A$2,"."&I$2&I$1&"P"&$A13)="N/A",0,RTD("tos.rtd",,$A$2,"."&I$2&I$1&"P"&$A13)) -> 364 | ... X13: =IF(RTD("tos.rtd",,$A$2,"."&X$2&X$1&"C"&$A13)="N/A",0,RTD("tos.rtd",,$A$2,"."&X$2&X$1&"C"&$A13))-IF(RTD("tos.rtd",,$A$2,"."&X$2&X$1&"P"&$A13)="N/A",0,RTD("tos.rtd",,$A$2,"."&X$2&X$1&"P"&$A13)) -> 0 | Y13: =SUM(B13:X13) -> 21809
A14: =+Hoja1!A13 -> 680 | B14: =IF(RTD("tos.rtd",,$A$2,"."&B$2&B$1&"C"&$A14)="N/A",0,RTD("tos.rtd",,$A$2,"."&B$2&B$1&"C"&$A14))-IF(RTD("tos.rtd",,$A$2,"."&B$2&B$1&"P"&$A14)="N/A",0,RTD("tos.rtd",,$A$2,"."&B$2&B$1&"P"&$A14)) -> 35601 | C14: =IF(RTD("tos.rtd",,$A$2,"."&C$2&C$1&"C"&$A14)="N/A",0,RTD("tos.rtd",,$A$2,"."&C$2&C$1&"C"&$A14))-IF(RTD("tos.rtd",,$A$2,"."&C$2&C$1&"P"&$A14)="N/A",0,RTD("tos.rtd",,$A$2,"."&C$2&C$1&"P"&$A14)) -> 9526 | D14: =IF(RTD("tos.rtd",,$A$2,"."&D$2&D$1&"C"&$A14)="N/A",0,RTD("tos.rtd",,$A$2,"."&D$2&D$1&"C"&$A14))-IF(RTD("tos.rtd",,$A$2,"."&D$2&D$1&"P"&$A14)="N/A",0,RTD("tos.rtd",,$A$2,"."&D$2&D$1&"P"&$A14)) -> 5751 | E14: =IF(RTD("tos.rtd",,$A$2,"."&E$2&E$1&"C"&$A14)="N/A",0,RTD("tos.rtd",,$A$2,"."&E$2&E$1&"C"&$A14))-IF(RTD("tos.rtd",,$A$2,"."&E$2&E$1&"P"&$A14)="N/A",0,RTD("tos.rtd",,$A$2,"."&E$2&E$1&"P"&$A14)) -> 3136 | F14: =IF(RTD("tos.rtd",,$A$2,"."&F$2&F$1&"C"&$A14)="N/A",0,RTD("tos.rtd",,$A$2,"."&F$2&F$1&"C"&$A14))-IF(RTD("tos.rtd",,$A$2,"."&F$2&F$1&"P"&$A14)="N/A",0,RTD("tos.rtd",,$A$2,"."&F$2&F$1&"P"&$A14)) -> 0 | G14: =IF(RTD("tos.rtd",,$A$2,"."&G$2&G$1&"C"&$A14)="N/A",0,RTD("tos.rtd",,$A$2,"."&G$2&G$1&"C"&$A14))-IF(RTD("tos.rtd",,$A$2,"."&G$2&G$1&"P"&$A14)="N/A",0,RTD("tos.rtd",,$A$2,"."&G$2&G$1&"P"&$A14)) -> 0 | H14: =IF(RTD("tos.rtd",,$A$2,"."&H$2&H$1&"C"&$A14)="N/A",0,RTD("tos.rtd",,$A$2,"."&H$2&H$1&"C"&$A14))-IF(RTD("tos.rtd",,$A$2,"."&H$2&H$1&"P"&$A14)="N/A",0,RTD("tos.rtd",,$A$2,"."&H$2&H$1&"P"&$A14)) -> 3672 | I14: =IF(RTD("tos.rtd",,$A$2,"."&I$2&I$1&"C"&$A14)="N/A",0,RTD("tos.rtd",,$A$2,"."&I$2&I$1&"C"&$A14))-IF(RTD("tos.rtd",,$A$2,"."&I$2&I$1&"P"&$A14)="N/A",0,RTD("tos.rtd",,$A$2,"."&I$2&I$1&"P"&$A14)) -> 1804 | ... X14: =IF(RTD("tos.rtd",,$A$2,"."&X$2&X$1&"C"&$A14)="N/A",0,RTD("tos.rtd",,$A$2,"."&X$2&X$1&"C"&$A14))-IF(RTD("tos.rtd",,$A$2,"."&X$2&X$1&"P"&$A14)="N/A",0,RTD("tos.rtd",,$A$2,"."&X$2&X$1&"P"&$A14)) -> 0 | Y14: =SUM(B14:X14) -> 75942
A15: =+Hoja1!A14 -> 679 | B15: =IF(RTD("tos.rtd",,$A$2,"."&B$2&B$1&"C"&$A15)="N/A",0,RTD("tos.rtd",,$A$2,"."&B$2&B$1&"C"&$A15))-IF(RTD("tos.rtd",,$A$2,"."&B$2&B$1&"P"&$A15)="N/A",0,RTD("tos.rtd",,$A$2,"."&B$2&B$1&"P"&$A15)) -> 17097 | C15: =IF(RTD("tos.rtd",,$A$2,"."&C$2&C$1&"C"&$A15)="N/A",0,RTD("tos.rtd",,$A$2,"."&C$2&C$1&"C"&$A15))-IF(RTD("tos.rtd",,$A$2,"."&C$2&C$1&"P"&$A15)="N/A",0,RTD("tos.rtd",,$A$2,"."&C$2&C$1&"P"&$A15)) -> 2818 | D15: =IF(RTD("tos.rtd",,$A$2,"."&D$2&D$1&"C"&$A15)="N/A",0,RTD("tos.rtd",,$A$2,"."&D$2&D$1&"C"&$A15))-IF(RTD("tos.rtd",,$A$2,"."&D$2&D$1&"P"&$A15)="N/A",0,RTD("tos.rtd",,$A$2,"."&D$2&D$1&"P"&$A15)) -> 1705 | E15: =IF(RTD("tos.rtd",,$A$2,"."&E$2&E$1&"C"&$A15)="N/A",0,RTD("tos.rtd",,$A$2,"."&E$2&E$1&"C"&$A15))-IF(RTD("tos.rtd",,$A$2,"."&E$2&E$1&"P"&$A15)="N/A",0,RTD("tos.rtd",,$A$2,"."&E$2&E$1&"P"&$A15)) -> 305 | F15: =IF(RTD("tos.rtd",,$A$2,"."&F$2&F$1&"C"&$A15)="N/A",0,RTD("tos.rtd",,$A$2,"."&F$2&F$1&"C"&$A15))-IF(RTD("tos.rtd",,$A$2,"."&F$2&F$1&"P"&$A15)="N/A",0,RTD("tos.rtd",,$A$2,"."&F$2&F$1&"P"&$A15)) -> 0 | G15: =IF(RTD("tos.rtd",,$A$2,"."&G$2&G$1&"C"&$A15)="N/A",0,RTD("tos.rtd",,$A$2,"."&G$2&G$1&"C"&$A15))-IF(RTD("tos.rtd",,$A$2,"."&G$2&G$1&"P"&$A15)="N/A",0,RTD("tos.rtd",,$A$2,"."&G$2&G$1&"P"&$A15)) -> 0 | H15: =IF(RTD("tos.rtd",,$A$2,"."&H$2&H$1&"C"&$A15)="N/A",0,RTD("tos.rtd",,$A$2,"."&H$2&H$1&"C"&$A15))-IF(RTD("tos.rtd",,$A$2,"."&H$2&H$1&"P"&$A15)="N/A",0,RTD("tos.rtd",,$A$2,"."&H$2&H$1&"P"&$A15)) -> 378 | I15: =IF(RTD("tos.rtd",,$A$2,"."&I$2&I$1&"C"&$A15)="N/A",0,RTD("tos.rtd",,$A$2,"."&I$2&I$1&"C"&$A15))-IF(RTD("tos.rtd",,$A$2,"."&I$2&I$1&"P"&$A15)="N/A",0,RTD("tos.rtd",,$A$2,"."&I$2&I$1&"P"&$A15)) -> 156 | ... X15: =IF(RTD("tos.rtd",,$A$2,"."&X$2&X$1&"C"&$A15)="N/A",0,RTD("tos.rtd",,$A$2,"."&X$2&X$1&"C"&$A15))-IF(RTD("tos.rtd",,$A$2,"."&X$2&X$1&"P"&$A15)="N/A",0,RTD("tos.rtd",,$A$2,"."&X$2&X$1&"P"&$A15)) -> 0 | Y15: =SUM(B15:X15) -> 23195
A16: =+Hoja1!A15 -> 678 | B16: =IF(RTD("tos.rtd",,$A$2,"."&B$2&B$1&"C"&$A16)="N/A",0,RTD("tos.rtd",,$A$2,"."&B$2&B$1&"C"&$A16))-IF(RTD("tos.rtd",,$A$2,"."&B$2&B$1&"P"&$A16)="N/A",0,RTD("tos.rtd",,$A$2,"."&B$2&B$1&"P"&$A16)) -> 15280 | C16: =IF(RTD("tos.rtd",,$A$2,"."&C$2&C$1&"C"&$A16)="N/A",0,RTD("tos.rtd",,$A$2,"."&C$2&C$1&"C"&$A16))-IF(RTD("tos.rtd",,$A$2,"."&C$2&C$1&"P"&$A16)="N/A",0,RTD("tos.rtd",,$A$2,"."&C$2&C$1&"P"&$A16)) -> 3576 | D16: =IF(RTD("tos.rtd",,$A$2,"."&D$2&D$1&"C"&$A16)="N/A",0,RTD("tos.rtd",,$A$2,"."&D$2&D$1&"C"&$A16))-IF(RTD("tos.rtd",,$A$2,"."&D$2&D$1&"P"&$A16)="N/A",0,RTD("tos.rtd",,$A$2,"."&D$2&D$1&"P"&$A16)) -> 2838 | E16: =IF(RTD("tos.rtd",,$A$2,"."&E$2&E$1&"C"&$A16)="N/A",0,RTD("tos.rtd",,$A$2,"."&E$2&E$1&"C"&$A16))-IF(RTD("tos.rtd",,$A$2,"."&E$2&E$1&"P"&$A16)="N/A",0,RTD("tos.rtd",,$A$2,"."&E$2&E$1&"P"&$A16)) -> 839 | F16: =IF(RTD("tos.rtd",,$A$2,"."&F$2&F$1&"C"&$A16)="N/A",0,RTD("tos.rtd",,$A$2,"."&F$2&F$1&"C"&$A16))-IF(RTD("tos.rtd",,$A$2,"."&F$2&F$1&"P"&$A16)="N/A",0,RTD("tos.rtd",,$A$2,"."&F$2&F$1&"P"&$A16)) -> 0 | G16: =IF(RTD("tos.rtd",,$A$2,"."&G$2&G$1&"C"&$A16)="N/A",0,RTD("tos.rtd",,$A$2,"."&G$2&G$1&"C"&$A16))-IF(RTD("tos.rtd",,$A$2,"."&G$2&G$1&"P"&$A16)="N/A",0,RTD("tos.rtd",,$A$2,"."&G$2&G$1&"P"&$A16)) -> 0 | H16: =IF(RTD("tos.rtd",,$A$2,"."&H$2&H$1&"C"&$A16)="N/A",0,RTD("tos.rtd",,$A$2,"."&H$2&H$1&"C"&$A16))-IF(RTD("tos.rtd",,$A$2,"."&H$2&H$1&"P"&$A16)="N/A",0,RTD("tos.rtd",,$A$2,"."&H$2&H$1&"P"&$A16)) -> 519 | I16: =IF(RTD("tos.rtd",,$A$2,"."&I$2&I$1&"C"&$A16)="N/A",0,RTD("tos.rtd",,$A$2,"."&I$2&I$1&"C"&$A16))-IF(RTD("tos.rtd",,$A$2,"."&I$2&I$1&"P"&$A16)="N/A",0,RTD("tos.rtd",,$A$2,"."&I$2&I$1&"P"&$A16)) -> 164 | ... X16: =IF(RTD("tos.rtd",,$A$2,"."&X$2&X$1&"C"&$A16)="N/A",0,RTD("tos.rtd",,$A$2,"."&X$2&X$1&"C"&$A16))-IF(RTD("tos.rtd",,$A$2,"."&X$2&X$1&"P"&$A16)="N/A",0,RTD("tos.rtd",,$A$2,"."&X$2&X$1&"P"&$A16)) -> 0 | Y16: =SUM(B16:X16) -> 23641
... A39: =+Hoja1!A38 -> 655 | B39: =IF(RTD("tos.rtd",,$A$2,"."&B$2&B$1&"C"&$A39)="N/A",0,RTD("tos.rtd",,$A$2,"."&B$2&B$1&"C"&$A39))-IF(RTD("tos.rtd",,$A$2,"."&B$2&B$1&"P"&$A39)="N/A",0,RTD("tos.rtd",,$A$2,"."&B$2&B$1&"P"&$A39)) -> -25591 | C39: =IF(RTD("tos.rtd",,$A$2,"."&C$2&C$1&"C"&$A39)="N/A",0,RTD("tos.rtd",,$A$2,"."&C$2&C$1&"C"&$A39))-IF(RTD("tos.rtd",,$A$2,"."&C$2&C$1&"P"&$A39)="N/A",0,RTD("tos.rtd",,$A$2,"."&C$2&C$1&"P"&$A39)) -> -4724 | D39: =IF(RTD("tos.rtd",,$A$2,"."&D$2&D$1&"C"&$A39)="N/A",0,RTD("tos.rtd",,$A$2,"."&D$2&D$1&"C"&$A39))-IF(RTD("tos.rtd",,$A$2,"."&D$2&D$1&"P"&$A39)="N/A",0,RTD("tos.rtd",,$A$2,"."&D$2&D$1&"P"&$A39)) -> -8221 | E39: =IF(RTD("tos.rtd",,$A$2,"."&E$2&E$1&"C"&$A39)="N/A",0,RTD("tos.rtd",,$A$2,"."&E$2&E$1&"C"&$A39))-IF(RTD("tos.rtd",,$A$2,"."&E$2&E$1&"P"&$A39)="N/A",0,RTD("tos.rtd",,$A$2,"."&E$2&E$1&"P"&$A39)) -> -1016 | F39: =IF(RTD("tos.rtd",,$A$2,"."&F$2&F$1&"C"&$A39)="N/A",0,RTD("tos.rtd",,$A$2,"."&F$2&F$1&"C"&$A39))-IF(RTD("tos.rtd",,$A$2,"."&F$2&F$1&"P"&$A39)="N/A",0,RTD("tos.rtd",,$A$2,"."&F$2&F$1&"P"&$A39)) -> 0 | G39: =IF(RTD("tos.rtd",,$A$2,"."&G$2&G$1&"C"&$A39)="N/A",0,RTD("tos.rtd",,$A$2,"."&G$2&G$1&"C"&$A39))-IF(RTD("tos.rtd",,$A$2,"."&G$2&G$1&"P"&$A39)="N/A",0,RTD("tos.rtd",,$A$2,"."&G$2&G$1&"P"&$A39)) -> 0 | H39: =IF(RTD("tos.rtd",,$A$2,"."&H$2&H$1&"C"&$A39)="N/A",0,RTD("tos.rtd",,$A$2,"."&H$2&H$1&"C"&$A39))-IF(RTD("tos.rtd",,$A$2,"."&H$2&H$1&"P"&$A39)="N/A",0,RTD("tos.rtd",,$A$2,"."&H$2&H$1&"P"&$A39)) -> -3199 | I39: =IF(RTD("tos.rtd",,$A$2,"."&I$2&I$1&"C"&$A39)="N/A",0,RTD("tos.rtd",,$A$2,"."&I$2&I$1&"C"&$A39))-IF(RTD("tos.rtd",,$A$2,"."&I$2&I$1&"P"&$A39)="N/A",0,RTD("tos.rtd",,$A$2,"."&I$2&I$1&"P"&$A39)) -> -549 | ... X39: =IF(RTD("tos.rtd",,$A$2,"."&X$2&X$1&"C"&$A39)="N/A",0,RTD("tos.rtd",,$A$2,"."&X$2&X$1&"C"&$A39))-IF(RTD("tos.rtd",,$A$2,"."&X$2&X$1&"P"&$A39)="N/A",0,RTD("tos.rtd",,$A$2,"."&X$2&X$1&"P"&$A39)) -> 0 | Y39: =SUM(B39:X39) -> -47281
A40: =+Hoja1!A39 -> 1
A41: =+Hoja1!A40 -> 672.36
A42: =+Hoja1!A41 -> 1.52207 | B42: =+B1 -> 251110 | C42: =+C1 -> 251111 | D42: =+D1 -> 251112 | E42: =+E1 -> 251113 | F42: =+F1 | G42: =+G1 | H42: =+H1 -> 251128 | I42: =+I1 -> 251205 | ... X42: =+X1 -> 261030
A43: =+Hoja1!A42 -> 611.9 | B43: =+A44 -> QQQ | C43: =+B43 -> QQQ | D43: =+C43 -> QQQ | E43: =+D43 -> QQQ | F43: =+E43 -> QQQ | G43: =+F43 -> QQQ | H43: =+G43 -> QQQ | I43: =+H43 -> QQQ | J43: =+I43 -> QQQ | ... L43: =+K43 -> QQQ | M43: =+K43 -> QQQ | N43: =+L43 -> QQQ | O43: =+M43 -> QQQ | P43: =+N43 -> QQQ | Q43: =+O43 -> QQQ | R43: =+P43 -> QQQ | S43: =+Q43 -> QQQ | T43: =+R43 -> QQQ | ... X43: =+V43 -> QQQ
A44: =+Hoja1!A43 -> QQQ | B44: =+B3 -> 45971 | C44: =+C3 -> 45972 | D44: =+D3 -> 45973 | E44: =+E3 -> 45974 | F44: =+F3 -> 45975 | G44: =+G3 -> 45982 | H44: =+H3 -> 45989 | I44: =+I3 -> 45996 | ... X44: =+X3 -> 46325
A45: =+Hoja1!A44 -> 611.9
A46: =+Hoja1!A45 -> 629 | B46: =IF(RTD("tos.rtd",,$A$2,"."&B$43&B$1&"C"&$A46)="N/A",0,RTD("tos.rtd",,$A$2,"."&B$43&B$1&"C"&$A46))-IF(RTD("tos.rtd",,$A$2,"."&B$43&B$1&"P"&$A46)="N/A",0,RTD("tos.rtd",,$A$2,"."&B$43&B$1&"P"&$A46)) -> 1373 | C46: =IF(RTD("tos.rtd",,$A$2,"."&C$43&C$1&"C"&$A46)="N/A",0,RTD("tos.rtd",,$A$2,"."&C$43&C$1&"C"&$A46))-IF(RTD("tos.rtd",,$A$2,"."&C$43&C$1&"P"&$A46)="N/A",0,RTD("tos.rtd",,$A$2,"."&C$43&C$1&"P"&$A46)) -> 319 | D46: =IF(RTD("tos.rtd",,$A$2,"."&D$43&D$1&"C"&$A46)="N/A",0,RTD("tos.rtd",,$A$2,"."&D$43&D$1&"C"&$A46))-IF(RTD("tos.rtd",,$A$2,"."&D$43&D$1&"P"&$A46)="N/A",0,RTD("tos.rtd",,$A$2,"."&D$43&D$1&"P"&$A46)) -> 442 | E46: =IF(RTD("tos.rtd",,$A$2,"."&E$43&E$1&"C"&$A46)="N/A",0,RTD("tos.rtd",,$A$2,"."&E$43&E$1&"C"&$A46))-IF(RTD("tos.rtd",,$A$2,"."&E$43&E$1&"P"&$A46)="N/A",0,RTD("tos.rtd",,$A$2,"."&E$43&E$1&"P"&$A46)) -> 201 | F46: =IF(RTD("tos.rtd",,$A$2,"."&F$43&F$1&"C"&$A46)="N/A",0,RTD("tos.rtd",,$A$2,"."&F$43&F$1&"C"&$A46))-IF(RTD("tos.rtd",,$A$2,"."&F$43&F$1&"P"&$A46)="N/A",0,RTD("tos.rtd",,$A$2,"."&F$43&F$1&"P"&$A46)) -> 0 | G46: =IF(RTD("tos.rtd",,$A$2,"."&G$43&G$1&"C"&$A46)="N/A",0,RTD("tos.rtd",,$A$2,"."&G$43&G$1&"C"&$A46))-IF(RTD("tos.rtd",,$A$2,"."&G$43&G$1&"P"&$A46)="N/A",0,RTD("tos.rtd",,$A$2,"."&G$43&G$1&"P"&$A46)) -> 0 | H46: =IF(RTD("tos.rtd",,$A$2,"."&H$43&H$1&"C"&$A46)="N/A",0,RTD("tos.rtd",,$A$2,"."&H$43&H$1&"C"&$A46))-IF(RTD("tos.rtd",,$A$2,"."&H$43&H$1&"P"&$A46)="N/A",0,RTD("tos.rtd",,$A$2,"."&H$43&H$1&"P"&$A46)) -> 145 | I46: =IF(RTD("tos.rtd",,$A$2,"."&I$43&I$1&"C"&$A46)="N/A",0,RTD("tos.rtd",,$A$2,"."&I$43&I$1&"C"&$A46))-IF(RTD("tos.rtd",,$A$2,"."&I$43&I$1&"P"&$A46)="N/A",0,RTD("tos.rtd",,$A$2,"."&I$43&I$1&"P"&$A46)) -> 116 | ... X46: =IF(RTD("tos.rtd",,$A$2,"."&X$43&X$1&"C"&$A46)="N/A",0,RTD("tos.rtd",,$A$2,"."&X$43&X$1&"C"&$A46))-IF(RTD("tos.rtd",,$A$2,"."&X$43&X$1&"P"&$A46)="N/A",0,RTD("tos.rtd",,$A$2,"."&X$43&X$1&"P"&$A46)) -> 0 | Y46: =SUM(B46:X46) -> 2713
A47: =+Hoja1!A46 -> 628 | B47: =IF(RTD("tos.rtd",,$A$2,"."&B$43&B$1&"C"&$A47)="N/A",0,RTD("tos.rtd",,$A$2,"."&B$43&B$1&"C"&$A47))-IF(RTD("tos.rtd",,$A$2,"."&B$43&B$1&"P"&$A47)="N/A",0,RTD("tos.rtd",,$A$2,"."&B$43&B$1&"P"&$A47)) -> 980 | C47: =IF(RTD("tos.rtd",,$A$2,"."&C$43&C$1&"C"&$A47)="N/A",0,RTD("tos.rtd",,$A$2,"."&C$43&C$1&"C"&$A47))-IF(RTD("tos.rtd",,$A$2,"."&C$43&C$1&"P"&$A47)="N/A",0,RTD("tos.rtd",,$A$2,"."&C$43&C$1&"P"&$A47)) -> 228 | D47: =IF(RTD("tos.rtd",,$A$2,"."&D$43&D$1&"C"&$A47)="N/A",0,RTD("tos.rtd",,$A$2,"."&D$43&D$1&"C"&$A47))-IF(RTD("tos.rtd",,$A$2,"."&D$43&D$1&"P"&$A47)="N/A",0,RTD("tos.rtd",,$A$2,"."&D$43&D$1&"P"&$A47)) -> 351 | E47: =IF(RTD("tos.rtd",,$A$2,"."&E$43&E$1&"C"&$A47)="N/A",0,RTD("tos.rtd",,$A$2,"."&E$43&E$1&"C"&$A47))-IF(RTD("tos.rtd",,$A$2,"."&E$43&E$1&"P"&$A47)="N/A",0,RTD("tos.rtd",,$A$2,"."&E$43&E$1&"P"&$A47)) -> 217 | F47: =IF(RTD("tos.rtd",,$A$2,"."&F$43&F$1&"C"&$A47)="N/A",0,RTD("tos.rtd",,$A$2,"."&F$43&F$1&"C"&$A47))-IF(RTD("tos.rtd",,$A$2,"."&F$43&F$1&"P"&$A47)="N/A",0,RTD("tos.rtd",,$A$2,"."&F$43&F$1&"P"&$A47)) -> 0 | G47: =IF(RTD("tos.rtd",,$A$2,"."&G$43&G$1&"C"&$A47)="N/A",0,RTD("tos.rtd",,$A$2,"."&G$43&G$1&"C"&$A47))-IF(RTD("tos.rtd",,$A$2,"."&G$43&G$1&"P"&$A47)="N/A",0,RTD("tos.rtd",,$A$2,"."&G$43&G$1&"P"&$A47)) -> 0 | H47: =IF(RTD("tos.rtd",,$A$2,"."&H$43&H$1&"C"&$A47)="N/A",0,RTD("tos.rtd",,$A$2,"."&H$43&H$1&"C"&$A47))-IF(RTD("tos.rtd",,$A$2,"."&H$43&H$1&"P"&$A47)="N/A",0,RTD("tos.rtd",,$A$2,"."&H$43&H$1&"P"&$A47)) -> 36 | I47: =IF(RTD("tos.rtd",,$A$2,"."&I$43&I$1&"C"&$A47)="N/A",0,RTD("tos.rtd",,$A$2,"."&I$43&I$1&"C"&$A47))-IF(RTD("tos.rtd",,$A$2,"."&I$43&I$1&"P"&$A47)="N/A",0,RTD("tos.rtd",,$A$2,"."&I$43&I$1&"P"&$A47)) -> 44 | ... X47: =IF(RTD("tos.rtd",,$A$2,"."&X$43&X$1&"C"&$A47)="N/A",0,RTD("tos.rtd",,$A$2,"."&X$43&X$1&"C"&$A47))-IF(RTD("tos.rtd",,$A$2,"."&X$43&X$1&"P"&$A47)="N/A",0,RTD("tos.rtd",,$A$2,"."&X$43&X$1&"P"&$A47)) -> 0 | Y47: =SUM(B47:X47) -> 1980
A48: =+Hoja1!A47 -> 627 | B48: =IF(RTD("tos.rtd",,$A$2,"."&B$43&B$1&"C"&$A48)="N/A",0,RTD("tos.rtd",,$A$2,"."&B$43&B$1&"C"&$A48))-IF(RTD("tos.rtd",,$A$2,"."&B$43&B$1&"P"&$A48)="N/A",0,RTD("tos.rtd",,$A$2,"."&B$43&B$1&"P"&$A48)) -> 735 | C48: =IF(RTD("tos.rtd",,$A$2,"."&C$43&C$1&"C"&$A48)="N/A",0,RTD("tos.rtd",,$A$2,"."&C$43&C$1&"C"&$A48))-IF(RTD("tos.rtd",,$A$2,"."&C$43&C$1&"P"&$A48)="N/A",0,RTD("tos.rtd",,$A$2,"."&C$43&C$1&"P"&$A48)) -> 928 | D48: =IF(RTD("tos.rtd",,$A$2,"."&D$43&D$1&"C"&$A48)="N/A",0,RTD("tos.rtd",,$A$2,"."&D$43&D$1&"C"&$A48))-IF(RTD("tos.rtd",,$A$2,"."&D$43&D$1&"P"&$A48)="N/A",0,RTD("tos.rtd",,$A$2,"."&D$43&D$1&"P"&$A48)) -> 180 | E48: =IF(RTD("tos.rtd",,$A$2,"."&E$43&E$1&"C"&$A48)="N/A",0,RTD("tos.rtd",,$A$2,"."&E$43&E$1&"C"&$A48))-IF(RTD("tos.rtd",,$A$2,"."&E$43&E$1&"P"&$A48)="N/A",0,RTD("tos.rtd",,$A$2,"."&E$43&E$1&"P"&$A48)) -> 183 | F48: =IF(RTD("tos.rtd",,$A$2,"."&F$43&F$1&"C"&$A48)="N/A",0,RTD("tos.rtd",,$A$2,"."&F$43&F$1&"C"&$A48))-IF(RTD("tos.rtd",,$A$2,"."&F$43&F$1&"P"&$A48)="N/A",0,RTD("tos.rtd",,$A$2,"."&F$43&F$1&"P"&$A48)) -> 0 | G48: =IF(RTD("tos.rtd",,$A$2,"."&G$43&G$1&"C"&$A48)="N/A",0,RTD("tos.rtd",,$A$2,"."&G$43&G$1&"C"&$A48))-IF(RTD("tos.rtd",,$A$2,"."&G$43&G$1&"P"&$A48)="N/A",0,RTD("tos.rtd",,$A$2,"."&G$43&G$1&"P"&$A48)) -> 0 | H48: =IF(RTD("tos.rtd",,$A$2,"."&H$43&H$1&"C"&$A48)="N/A",0,RTD("tos.rtd",,$A$2,"."&H$43&H$1&"C"&$A48))-IF(RTD("tos.rtd",,$A$2,"."&H$43&H$1&"P"&$A48)="N/A",0,RTD("tos.rtd",,$A$2,"."&H$43&H$1&"P"&$A48)) -> 184 | I48: =IF(RTD("tos.rtd",,$A$2,"."&I$43&I$1&"C"&$A48)="N/A",0,RTD("tos.rtd",,$A$2,"."&I$43&I$1&"C"&$A48))-IF(RTD("tos.rtd",,$A$2,"."&I$43&I$1&"P"&$A48)="N/A",0,RTD("tos.rtd",,$A$2,"."&I$43&I$1&"P"&$A48)) -> 102 | ... X48: =IF(RTD("tos.rtd",,$A$2,"."&X$43&X$1&"C"&$A48)="N/A",0,RTD("tos.rtd",,$A$2,"."&X$43&X$1&"C"&$A48))-IF(RTD("tos.rtd",,$A$2,"."&X$43&X$1&"P"&$A48)="N/A",0,RTD("tos.rtd",,$A$2,"."&X$43&X$1&"P"&$A48)) -> 0 | Y48: =SUM(B48:X48) -> 2515
A49: =+Hoja1!A48 -> 626 | B49: =IF(RTD("tos.rtd",,$A$2,"."&B$43&B$1&"C"&$A49)="N/A",0,RTD("tos.rtd",,$A$2,"."&B$43&B$1&"C"&$A49))-IF(RTD("tos.rtd",,$A$2,"."&B$43&B$1&"P"&$A49)="N/A",0,RTD("tos.rtd",,$A$2,"."&B$43&B$1&"P"&$A49)) -> 2143 | C49: =IF(RTD("tos.rtd",,$A$2,"."&C$43&C$1&"C"&$A49)="N/A",0,RTD("tos.rtd",,$A$2,"."&C$43&C$1&"C"&$A49))-IF(RTD("tos.rtd",,$A$2,"."&C$43&C$1&"P"&$A49)="N/A",0,RTD("tos.rtd",,$A$2,"."&C$43&C$1&"P"&$A49)) -> 694 | D49: =IF(RTD("tos.rtd",,$A$2,"."&D$43&D$1&"C"&$A49)="N/A",0,RTD("tos.rtd",,$A$2,"."&D$43&D$1&"C"&$A49))-IF(RTD("tos.rtd",,$A$2,"."&D$43&D$1&"P"&$A49)="N/A",0,RTD("tos.rtd",,$A$2,"."&D$43&D$1&"P"&$A49)) -> 543 | E49: =IF(RTD("tos.rtd",,$A$2,"."&E$43&E$1&"C"&$A49)="N/A",0,RTD("tos.rtd",,$A$2,"."&E$43&E$1&"C"&$A49))-IF(RTD("tos.rtd",,$A$2,"."&E$43&E$1&"P"&$A49)="N/A",0,RTD("tos.rtd",,$A$2,"."&E$43&E$1&"P"&$A49)) -> 198 | F49: =IF(RTD("tos.rtd",,$A$2,"."&F$43&F$1&"C"&$A49)="N/A",0,RTD("tos.rtd",,$A$2,"."&F$43&F$1&"C"&$A49))-IF(RTD("tos.rtd",,$A$2,"."&F$43&F$1&"P"&$A49)="N/A",0,RTD("tos.rtd",,$A$2,"."&F$43&F$1&"P"&$A49)) -> 0 | G49: =IF(RTD("tos.rtd",,$A$2,"."&G$43&G$1&"C"&$A49)="N/A",0,RTD("tos.rtd",,$A$2,"."&G$43&G$1&"C"&$A49))-IF(RTD("tos.rtd",,$A$2,"."&G$43&G$1&"P"&$A49)="N/A",0,RTD("tos.rtd",,$A$2,"."&G$43&G$1&"P"&$A49)) -> 0 | H49: =IF(RTD("tos.rtd",,$A$2,"."&H$43&H$1&"C"&$A49)="N/A",0,RTD("tos.rtd",,$A$2,"."&H$43&H$1&"C"&$A49))-IF(RTD("tos.rtd",,$A$2,"."&H$43&H$1&"P"&$A49)="N/A",0,RTD("tos.rtd",,$A$2,"."&H$43&H$1&"P"&$A49)) -> 824 | I49: =IF(RTD("tos.rtd",,$A$2,"."&I$43&I$1&"C"&$A49)="N/A",0,RTD("tos.rtd",,$A$2,"."&I$43&I$1&"C"&$A49))-IF(RTD("tos.rtd",,$A$2,"."&I$43&I$1&"P"&$A49)="N/A",0,RTD("tos.rtd",,$A$2,"."&I$43&I$1&"P"&$A49)) -> 151 | ... X49: =IF(RTD("tos.rtd",,$A$2,"."&X$43&X$1&"C"&$A49)="N/A",0,RTD("tos.rtd",,$A$2,"."&X$43&X$1&"C"&$A49))-IF(RTD("tos.rtd",,$A$2,"."&X$43&X$1&"P"&$A49)="N/A",0,RTD("tos.rtd",,$A$2,"."&X$43&X$1&"P"&$A49)) -> 0 | Y49: =SUM(B49:X49) -> 4702
A50: =+Hoja1!A49 -> 625 | B50: =IF(RTD("tos.rtd",,$A$2,"."&B$43&B$1&"C"&$A50)="N/A",0,RTD("tos.rtd",,$A$2,"."&B$43&B$1&"C"&$A50))-IF(RTD("tos.rtd",,$A$2,"."&B$43&B$1&"P"&$A50)="N/A",0,RTD("tos.rtd",,$A$2,"."&B$43&B$1&"P"&$A50)) -> 6346 | C50: =IF(RTD("tos.rtd",,$A$2,"."&C$43&C$1&"C"&$A50)="N/A",0,RTD("tos.rtd",,$A$2,"."&C$43&C$1&"C"&$A50))-IF(RTD("tos.rtd",,$A$2,"."&C$43&C$1&"P"&$A50)="N/A",0,RTD("tos.rtd",,$A$2,"."&C$43&C$1&"P"&$A50)) -> 1269 | D50: =IF(RTD("tos.rtd",,$A$2,"."&D$43&D$1&"C"&$A50)="N/A",0,RTD("tos.rtd",,$A$2,"."&D$43&D$1&"C"&$A50))-IF(RTD("tos.rtd",,$A$2,"."&D$43&D$1&"P"&$A50)="N/A",0,RTD("tos.rtd",,$A$2,"."&D$43&D$1&"P"&$A50)) -> 11184 | E50: =IF(RTD("tos.rtd",,$A$2,"."&E$43&E$1&"C"&$A50)="N/A",0,RTD("tos.rtd",,$A$2,"."&E$43&E$1&"C"&$A50))-IF(RTD("tos.rtd",,$A$2,"."&E$43&E$1&"P"&$A50)="N/A",0,RTD("tos.rtd",,$A$2,"."&E$43&E$1&"P"&$A50)) -> 616 | F50: =IF(RTD("tos.rtd",,$A$2,"."&F$43&F$1&"C"&$A50)="N/A",0,RTD("tos.rtd",,$A$2,"."&F$43&F$1&"C"&$A50))-IF(RTD("tos.rtd",,$A$2,"."&F$43&F$1&"P"&$A50)="N/A",0,RTD("tos.rtd",,$A$2,"."&F$43&F$1&"P"&$A50)) -> 0 | G50: =IF(RTD("tos.rtd",,$A$2,"."&G$43&G$1&"C"&$A50)="N/A",0,RTD("tos.rtd",,$A$2,"."&G$43&G$1&"C"&$A50))-IF(RTD("tos.rtd",,$A$2,"."&G$43&G$1&"P"&$A50)="N/A",0,RTD("tos.rtd",,$A$2,"."&G$43&G$1&"P"&$A50)) -> 0 | H50: =IF(RTD("tos.rtd",,$A$2,"."&H$43&H$1&"C"&$A50)="N/A",0,RTD("tos.rtd",,$A$2,"."&H$43&H$1&"C"&$A50))-IF(RTD("tos.rtd",,$A$2,"."&H$43&H$1&"P"&$A50)="N/A",0,RTD("tos.rtd",,$A$2,"."&H$43&H$1&"P"&$A50)) -> 335 | I50: =IF(RTD("tos.rtd",,$A$2,"."&I$43&I$1&"C"&$A50)="N/A",0,RTD("tos.rtd",,$A$2,"."&I$43&I$1&"C"&$A50))-IF(RTD("tos.rtd",,$A$2,"."&I$43&I$1&"P"&$A50)="N/A",0,RTD("tos.rtd",,$A$2,"."&I$43&I$1&"P"&$A50)) -> 292 | ... X50: =IF(RTD("tos.rtd",,$A$2,"."&X$43&X$1&"C"&$A50)="N/A",0,RTD("tos.rtd",,$A$2,"."&X$43&X$1&"C"&$A50))-IF(RTD("tos.rtd",,$A$2,"."&X$43&X$1&"P"&$A50)="N/A",0,RTD("tos.rtd",,$A$2,"."&X$43&X$1&"P"&$A50)) -> 0 | Y50: =SUM(B50:X50) -> 20802
A51: =+Hoja1!A50 -> 624 | B51: =IF(RTD("tos.rtd",,$A$2,"."&B$43&B$1&"C"&$A51)="N/A",0,RTD("tos.rtd",,$A$2,"."&B$43&B$1&"C"&$A51))-IF(RTD("tos.rtd",,$A$2,"."&B$43&B$1&"P"&$A51)="N/A",0,RTD("tos.rtd",,$A$2,"."&B$43&B$1&"P"&$A51)) -> 1825 | C51: =IF(RTD("tos.rtd",,$A$2,"."&C$43&C$1&"C"&$A51)="N/A",0,RTD("tos.rtd",,$A$2,"."&C$43&C$1&"C"&$A51))-IF(RTD("tos.rtd",,$A$2,"."&C$43&C$1&"P"&$A51)="N/A",0,RTD("tos.rtd",,$A$2,"."&C$43&C$1&"P"&$A51)) -> 403 | D51: =IF(RTD("tos.rtd",,$A$2,"."&D$43&D$1&"C"&$A51)="N/A",0,RTD("tos.rtd",,$A$2,"."&D$43&D$1&"C"&$A51))-IF(RTD("tos.rtd",,$A$2,"."&D$43&D$1&"P"&$A51)="N/A",0,RTD("tos.rtd",,$A$2,"."&D$43&D$1&"P"&$A51)) -> 11917 | E51: =IF(RTD("tos.rtd",,$A$2,"."&E$43&E$1&"C"&$A51)="N/A",0,RTD("tos.rtd",,$A$2,"."&E$43&E$1&"C"&$A51))-IF(RTD("tos.rtd",,$A$2,"."&E$43&E$1&"P"&$A51)="N/A",0,RTD("tos.rtd",,$A$2,"."&E$43&E$1&"P"&$A51)) -> 58 | F51: =IF(RTD("tos.rtd",,$A$2,"."&F$43&F$1&"C"&$A51)="N/A",0,RTD("tos.rtd",,$A$2,"."&F$43&F$1&"C"&$A51))-IF(RTD("tos.rtd",,$A$2,"."&F$43&F$1&"P"&$A51)="N/A",0,RTD("tos.rtd",,$A$2,"."&F$43&F$1&"P"&$A51)) -> 0 | G51: =IF(RTD("tos.rtd",,$A$2,"."&G$43&G$1&"C"&$A51)="N/A",0,RTD("tos.rtd",,$A$2,"."&G$43&G$1&"C"&$A51))-IF(RTD("tos.rtd",,$A$2,"."&G$43&G$1&"P"&$A51)="N/A",0,RTD("tos.rtd",,$A$2,"."&G$43&G$1&"P"&$A51)) -> 0 | H51: =IF(RTD("tos.rtd",,$A$2,"."&H$43&H$1&"C"&$A51)="N/A",0,RTD("tos.rtd",,$A$2,"."&H$43&H$1&"C"&$A51))-IF(RTD("tos.rtd",,$A$2,"."&H$43&H$1&"P"&$A51)="N/A",0,RTD("tos.rtd",,$A$2,"."&H$43&H$1&"P"&$A51)) -> 79 | I51: =IF(RTD("tos.rtd",,$A$2,"."&I$43&I$1&"C"&$A51)="N/A",0,RTD("tos.rtd",,$A$2,"."&I$43&I$1&"C"&$A51))-IF(RTD("tos.rtd",,$A$2,"."&I$43&I$1&"P"&$A51)="N/A",0,RTD("tos.rtd",,$A$2,"."&I$43&I$1&"P"&$A51)) -> 114 | ... X51: =IF(RTD("tos.rtd",,$A$2,"."&X$43&X$1&"C"&$A51)="N/A",0,RTD("tos.rtd",,$A$2,"."&X$43&X$1&"C"&$A51))-IF(RTD("tos.rtd",,$A$2,"."&X$43&X$1&"P"&$A51)="N/A",0,RTD("tos.rtd",,$A$2,"."&X$43&X$1&"P"&$A51)) -> 0 | Y51: =SUM(B51:X51) -> 14552
A52: =+Hoja1!A51 -> 623 | B52: =IF(RTD("tos.rtd",,$A$2,"."&B$43&B$1&"C"&$A52)="N/A",0,RTD("tos.rtd",,$A$2,"."&B$43&B$1&"C"&$A52))-IF(RTD("tos.rtd",,$A$2,"."&B$43&B$1&"P"&$A52)="N/A",0,RTD("tos.rtd",,$A$2,"."&B$43&B$1&"P"&$A52)) -> 2862 | C52: =IF(RTD("tos.rtd",,$A$2,"."&C$43&C$1&"C"&$A52)="N/A",0,RTD("tos.rtd",,$A$2,"."&C$43&C$1&"C"&$A52))-IF(RTD("tos.rtd",,$A$2,"."&C$43&C$1&"P"&$A52)="N/A",0,RTD("tos.rtd",,$A$2,"."&C$43&C$1&"P"&$A52)) -> 661 | D52: =IF(RTD("tos.rtd",,$A$2,"."&D$43&D$1&"C"&$A52)="N/A",0,RTD("tos.rtd",,$A$2,"."&D$43&D$1&"C"&$A52))-IF(RTD("tos.rtd",,$A$2,"."&D$43&D$1&"P"&$A52)="N/A",0,RTD("tos.rtd",,$A$2,"."&D$43&D$1&"P"&$A52)) -> 549 | E52: =IF(RTD("tos.rtd",,$A$2,"."&E$43&E$1&"C"&$A52)="N/A",0,RTD("tos.rtd",,$A$2,"."&E$43&E$1&"C"&$A52))-IF(RTD("tos.rtd",,$A$2,"."&E$43&E$1&"P"&$A52)="N/A",0,RTD("tos.rtd",,$A$2,"."&E$43&E$1&"P"&$A52)) -> 3 | F52: =IF(RTD("tos.rtd",,$A$2,"."&F$43&F$1&"C"&$A52)="N/A",0,RTD("tos.rtd",,$A$2,"."&F$43&F$1&"C"&$A52))-IF(RTD("tos.rtd",,$A$2,"."&F$43&F$1&"P"&$A52)="N/A",0,RTD("tos.rtd",,$A$2,"."&F$43&F$1&"P"&$A52)) -> 0 | G52: =IF(RTD("tos.rtd",,$A$2,"."&G$43&G$1&"C"&$A52)="N/A",0,RTD("tos.rtd",,$A$2,"."&G$43&G$1&"C"&$A52))-IF(RTD("tos.rtd",,$A$2,"."&G$43&G$1&"P"&$A52)="N/A",0,RTD("tos.rtd",,$A$2,"."&G$43&G$1&"P"&$A52)) -> 0 | H52: =IF(RTD("tos.rtd",,$A$2,"."&H$43&H$1&"C"&$A52)="N/A",0,RTD("tos.rtd",,$A$2,"."&H$43&H$1&"C"&$A52))-IF(RTD("tos.rtd",,$A$2,"."&H$43&H$1&"P"&$A52)="N/A",0,RTD("tos.rtd",,$A$2,"."&H$43&H$1&"P"&$A52)) -> 25 | I52: =IF(RTD("tos.rtd",,$A$2,"."&I$43&I$1&"C"&$A52)="N/A",0,RTD("tos.rtd",,$A$2,"."&I$43&I$1&"C"&$A52))-IF(RTD("tos.rtd",,$A$2,"."&I$43&I$1&"P"&$A52)="N/A",0,RTD("tos.rtd",,$A$2,"."&I$43&I$1&"P"&$A52)) -> 140 | ... X52: =IF(RTD("tos.rtd",,$A$2,"."&X$43&X$1&"C"&$A52)="N/A",0,RTD("tos.rtd",,$A$2,"."&X$43&X$1&"C"&$A52))-IF(RTD("tos.rtd",,$A$2,"."&X$43&X$1&"P"&$A52)="N/A",0,RTD("tos.rtd",,$A$2,"."&X$43&X$1&"P"&$A52)) -> 0 | Y52: =SUM(B52:X52) -> 4436
A53: =+Hoja1!A52 -> 622 | B53: =IF(RTD("tos.rtd",,$A$2,"."&B$43&B$1&"C"&$A53)="N/A",0,RTD("tos.rtd",,$A$2,"."&B$43&B$1&"C"&$A53))-IF(RTD("tos.rtd",,$A$2,"."&B$43&B$1&"P"&$A53)="N/A",0,RTD("tos.rtd",,$A$2,"."&B$43&B$1&"P"&$A53)) -> 2873 | C53: =IF(RTD("tos.rtd",,$A$2,"."&C$43&C$1&"C"&$A53)="N/A",0,RTD("tos.rtd",,$A$2,"."&C$43&C$1&"C"&$A53))-IF(RTD("tos.rtd",,$A$2,"."&C$43&C$1&"P"&$A53)="N/A",0,RTD("tos.rtd",,$A$2,"."&C$43&C$1&"P"&$A53)) -> 561 | D53: =IF(RTD("tos.rtd",,$A$2,"."&D$43&D$1&"C"&$A53)="N/A",0,RTD("tos.rtd",,$A$2,"."&D$43&D$1&"C"&$A53))-IF(RTD("tos.rtd",,$A$2,"."&D$43&D$1&"P"&$A53)="N/A",0,RTD("tos.rtd",,$A$2,"."&D$43&D$1&"P"&$A53)) -> 375 | E53: =IF(RTD("tos.rtd",,$A$2,"."&E$43&E$1&"C"&$A53)="N/A",0,RTD("tos.rtd",,$A$2,"."&E$43&E$1&"C"&$A53))-IF(RTD("tos.rtd",,$A$2,"."&E$43&E$1&"P"&$A53)="N/A",0,RTD("tos.rtd",,$A$2,"."&E$43&E$1&"P"&$A53)) -> 584 | F53: =IF(RTD("tos.rtd",,$A$2,"."&F$43&F$1&"C"&$A53)="N/A",0,RTD("tos.rtd",,$A$2,"."&F$43&F$1&"C"&$A53))-IF(RTD("tos.rtd",,$A$2,"."&F$43&F$1&"P"&$A53)="N/A",0,RTD("tos.rtd",,$A$2,"."&F$43&F$1&"P"&$A53)) -> 0 | G53: =IF(RTD("tos.rtd",,$A$2,"."&G$43&G$1&"C"&$A53)="N/A",0,RTD("tos.rtd",,$A$2,"."&G$43&G$1&"C"&$A53))-IF(RTD("tos.rtd",,$A$2,"."&G$43&G$1&"P"&$A53)="N/A",0,RTD("tos.rtd",,$A$2,"."&G$43&G$1&"P"&$A53)) -> 0 | H53: =IF(RTD("tos.rtd",,$A$2,"."&H$43&H$1&"C"&$A53)="N/A",0,RTD("tos.rtd",,$A$2,"."&H$43&H$1&"C"&$A53))-IF(RTD("tos.rtd",,$A$2,"."&H$43&H$1&"P"&$A53)="N/A",0,RTD("tos.rtd",,$A$2,"."&H$43&H$1&"P"&$A53)) -> -150 | I53: =IF(RTD("tos.rtd",,$A$2,"."&I$43&I$1&"C"&$A53)="N/A",0,RTD("tos.rtd",,$A$2,"."&I$43&I$1&"C"&$A53))-IF(RTD("tos.rtd",,$A$2,"."&I$43&I$1&"P"&$A53)="N/A",0,RTD("tos.rtd",,$A$2,"."&I$43&I$1&"P"&$A53)) -> 155 | ... X53: =IF(RTD("tos.rtd",,$A$2,"."&X$43&X$1&"C"&$A53)="N/A",0,RTD("tos.rtd",,$A$2,"."&X$43&X$1&"C"&$A53))-IF(RTD("tos.rtd",,$A$2,"."&X$43&X$1&"P"&$A53)="N/A",0,RTD("tos.rtd",,$A$2,"."&X$43&X$1&"P"&$A53)) -> 0 | Y53: =SUM(B53:X53) -> 4478
A54: =+Hoja1!A53 -> 621 | B54: =IF(RTD("tos.rtd",,$A$2,"."&B$43&B$1&"C"&$A54)="N/A",0,RTD("tos.rtd",,$A$2,"."&B$43&B$1&"C"&$A54))-IF(RTD("tos.rtd",,$A$2,"."&B$43&B$1&"P"&$A54)="N/A",0,RTD("tos.rtd",,$A$2,"."&B$43&B$1&"P"&$A54)) -> 4620 | C54: =IF(RTD("tos.rtd",,$A$2,"."&C$43&C$1&"C"&$A54)="N/A",0,RTD("tos.rtd",,$A$2,"."&C$43&C$1&"C"&$A54))-IF(RTD("tos.rtd",,$A$2,"."&C$43&C$1&"P"&$A54)="N/A",0,RTD("tos.rtd",,$A$2,"."&C$43&C$1&"P"&$A54)) -> 1090 | D54: =IF(RTD("tos.rtd",,$A$2,"."&D$43&D$1&"C"&$A54)="N/A",0,RTD("tos.rtd",,$A$2,"."&D$43&D$1&"C"&$A54))-IF(RTD("tos.rtd",,$A$2,"."&D$43&D$1&"P"&$A54)="N/A",0,RTD("tos.rtd",,$A$2,"."&D$43&D$1&"P"&$A54)) -> 458 | E54: =IF(RTD("tos.rtd",,$A$2,"."&E$43&E$1&"C"&$A54)="N/A",0,RTD("tos.rtd",,$A$2,"."&E$43&E$1&"C"&$A54))-IF(RTD("tos.rtd",,$A$2,"."&E$43&E$1&"P"&$A54)="N/A",0,RTD("tos.rtd",,$A$2,"."&E$43&E$1&"P"&$A54)) -> 219 | F54: =IF(RTD("tos.rtd",,$A$2,"."&F$43&F$1&"C"&$A54)="N/A",0,RTD("tos.rtd",,$A$2,"."&F$43&F$1&"C"&$A54))-IF(RTD("tos.rtd",,$A$2,"."&F$43&F$1&"P"&$A54)="N/A",0,RTD("tos.rtd",,$A$2,"."&F$43&F$1&"P"&$A54)) -> 0 | G54: =IF(RTD("tos.rtd",,$A$2,"."&G$43&G$1&"C"&$A54)="N/A",0,RTD("tos.rtd",,$A$2,"."&G$43&G$1&"C"&$A54))-IF(RTD("tos.rtd",,$A$2,"."&G$43&G$1&"P"&$A54)="N/A",0,RTD("tos.rtd",,$A$2,"."&G$43&G$1&"P"&$A54)) -> 0 | H54: =IF(RTD("tos.rtd",,$A$2,"."&H$43&H$1&"C"&$A54)="N/A",0,RTD("tos.rtd",,$A$2,"."&H$43&H$1&"C"&$A54))-IF(RTD("tos.rtd",,$A$2,"."&H$43&H$1&"P"&$A54)="N/A",0,RTD("tos.rtd",,$A$2,"."&H$43&H$1&"P"&$A54)) -> 58 | I54: =IF(RTD("tos.rtd",,$A$2,"."&I$43&I$1&"C"&$A54)="N/A",0,RTD("tos.rtd",,$A$2,"."&I$43&I$1&"C"&$A54))-IF(RTD("tos.rtd",,$A$2,"."&I$43&I$1&"P"&$A54)="N/A",0,RTD("tos.rtd",,$A$2,"."&I$43&I$1&"P"&$A54)) -> 80 | ... X54: =IF(RTD("tos.rtd",,$A$2,"."&X$43&X$1&"C"&$A54)="N/A",0,RTD("tos.rtd",,$A$2,"."&X$43&X$1&"C"&$A54))-IF(RTD("tos.rtd",,$A$2,"."&X$43&X$1&"P"&$A54)="N/A",0,RTD("tos.rtd",,$A$2,"."&X$43&X$1&"P"&$A54)) -> 0 | Y54: =SUM(B54:X54) -> 6603
A55: =+Hoja1!A54 -> 620 | B55: =IF(RTD("tos.rtd",,$A$2,"."&B$43&B$1&"C"&$A55)="N/A",0,RTD("tos.rtd",,$A$2,"."&B$43&B$1&"C"&$A55))-IF(RTD("tos.rtd",,$A$2,"."&B$43&B$1&"P"&$A55)="N/A",0,RTD("tos.rtd",,$A$2,"."&B$43&B$1&"P"&$A55)) -> 11213 | C55: =IF(RTD("tos.rtd",,$A$2,"."&C$43&C$1&"C"&$A55)="N/A",0,RTD("tos.rtd",,$A$2,"."&C$43&C$1&"C"&$A55))-IF(RTD("tos.rtd",,$A$2,"."&C$43&C$1&"P"&$A55)="N/A",0,RTD("tos.rtd",,$A$2,"."&C$43&C$1&"P"&$A55)) -> 3450 | D55: =IF(RTD("tos.rtd",,$A$2,"."&D$43&D$1&"C"&$A55)="N/A",0,RTD("tos.rtd",,$A$2,"."&D$43&D$1&"C"&$A55))-IF(RTD("tos.rtd",,$A$2,"."&D$43&D$1&"P"&$A55)="N/A",0,RTD("tos.rtd",,$A$2,"."&D$43&D$1&"P"&$A55)) -> 2129 | E55: =IF(RTD("tos.rtd",,$A$2,"."&E$43&E$1&"C"&$A55)="N/A",0,RTD("tos.rtd",,$A$2,"."&E$43&E$1&"C"&$A55))-IF(RTD("tos.rtd",,$A$2,"."&E$43&E$1&"P"&$A55)="N/A",0,RTD("tos.rtd",,$A$2,"."&E$43&E$1&"P"&$A55)) -> 1316 | F55: =IF(RTD("tos.rtd",,$A$2,"."&F$43&F$1&"C"&$A55)="N/A",0,RTD("tos.rtd",,$A$2,"."&F$43&F$1&"C"&$A55))-IF(RTD("tos.rtd",,$A$2,"."&F$43&F$1&"P"&$A55)="N/A",0,RTD("tos.rtd",,$A$2,"."&F$43&F$1&"P"&$A55)) -> 0 | G55: =IF(RTD("tos.rtd",,$A$2,"."&G$43&G$1&"C"&$A55)="N/A",0,RTD("tos.rtd",,$A$2,"."&G$43&G$1&"C"&$A55))-IF(RTD("tos.rtd",,$A$2,"."&G$43&G$1&"P"&$A55)="N/A",0,RTD("tos.rtd",,$A$2,"."&G$43&G$1&"P"&$A55)) -> 0 | H55: =IF(RTD("tos.rtd",,$A$2,"."&H$43&H$1&"C"&$A55)="N/A",0,RTD("tos.rtd",,$A$2,"."&H$43&H$1&"C"&$A55))-IF(RTD("tos.rtd",,$A$2,"."&H$43&H$1&"P"&$A55)="N/A",0,RTD("tos.rtd",,$A$2,"."&H$43&H$1&"P"&$A55)) -> 643 | I55: =IF(RTD("tos.rtd",,$A$2,"."&I$43&I$1&"C"&$A55)="N/A",0,RTD("tos.rtd",,$A$2,"."&I$43&I$1&"C"&$A55))-IF(RTD("tos.rtd",,$A$2,"."&I$43&I$1&"P"&$A55)="N/A",0,RTD("tos.rtd",,$A$2,"."&I$43&I$1&"P"&$A55)) -> 323 | ... X55: =IF(RTD("tos.rtd",,$A$2,"."&X$43&X$1&"C"&$A55)="N/A",0,RTD("tos.rtd",,$A$2,"."&X$43&X$1&"C"&$A55))-IF(RTD("tos.rtd",,$A$2,"."&X$43&X$1&"P"&$A55)="N/A",0,RTD("tos.rtd",,$A$2,"."&X$43&X$1&"P"&$A55)) -> 0 | Y55: =SUM(B55:X55) -> 23059
A56: =+Hoja1!A55 -> 619 | B56: =IF(RTD("tos.rtd",,$A$2,"."&B$43&B$1&"C"&$A56)="N/A",0,RTD("tos.rtd",,$A$2,"."&B$43&B$1&"C"&$A56))-IF(RTD("tos.rtd",,$A$2,"."&B$43&B$1&"P"&$A56)="N/A",0,RTD("tos.rtd",,$A$2,"."&B$43&B$1&"P"&$A56)) -> 4630 | C56: =IF(RTD("tos.rtd",,$A$2,"."&C$43&C$1&"C"&$A56)="N/A",0,RTD("tos.rtd",,$A$2,"."&C$43&C$1&"C"&$A56))-IF(RTD("tos.rtd",,$A$2,"."&C$43&C$1&"P"&$A56)="N/A",0,RTD("tos.rtd",,$A$2,"."&C$43&C$1&"P"&$A56)) -> 846 | D56: =IF(RTD("tos.rtd",,$A$2,"."&D$43&D$1&"C"&$A56)="N/A",0,RTD("tos.rtd",,$A$2,"."&D$43&D$1&"C"&$A56))-IF(RTD("tos.rtd",,$A$2,"."&D$43&D$1&"P"&$A56)="N/A",0,RTD("tos.rtd",,$A$2,"."&D$43&D$1&"P"&$A56)) -> 723 | E56: =IF(RTD("tos.rtd",,$A$2,"."&E$43&E$1&"C"&$A56)="N/A",0,RTD("tos.rtd",,$A$2,"."&E$43&E$1&"C"&$A56))-IF(RTD("tos.rtd",,$A$2,"."&E$43&E$1&"P"&$A56)="N/A",0,RTD("tos.rtd",,$A$2,"."&E$43&E$1&"P"&$A56)) -> 273 | F56: =IF(RTD("tos.rtd",,$A$2,"."&F$43&F$1&"C"&$A56)="N/A",0,RTD("tos.rtd",,$A$2,"."&F$43&F$1&"C"&$A56))-IF(RTD("tos.rtd",,$A$2,"."&F$43&F$1&"P"&$A56)="N/A",0,RTD("tos.rtd",,$A$2,"."&F$43&F$1&"P"&$A56)) -> 0 | G56: =IF(RTD("tos.rtd",,$A$2,"."&G$43&G$1&"C"&$A56)="N/A",0,RTD("tos.rtd",,$A$2,"."&G$43&G$1&"C"&$A56))-IF(RTD("tos.rtd",,$A$2,"."&G$43&G$1&"P"&$A56)="N/A",0,RTD("tos.rtd",,$A$2,"."&G$43&G$1&"P"&$A56)) -> 0 | H56: =IF(RTD("tos.rtd",,$A$2,"."&H$43&H$1&"C"&$A56)="N/A",0,RTD("tos.rtd",,$A$2,"."&H$43&H$1&"C"&$A56))-IF(RTD("tos.rtd",,$A$2,"."&H$43&H$1&"P"&$A56)="N/A",0,RTD("tos.rtd",,$A$2,"."&H$43&H$1&"P"&$A56)) -> 126 | I56: =IF(RTD("tos.rtd",,$A$2,"."&I$43&I$1&"C"&$A56)="N/A",0,RTD("tos.rtd",,$A$2,"."&I$43&I$1&"C"&$A56))-IF(RTD("tos.rtd",,$A$2,"."&I$43&I$1&"P"&$A56)="N/A",0,RTD("tos.rtd",,$A$2,"."&I$43&I$1&"P"&$A56)) -> 127 | ... X56: =IF(RTD("tos.rtd",,$A$2,"."&X$43&X$1&"C"&$A56)="N/A",0,RTD("tos.rtd",,$A$2,"."&X$43&X$1&"C"&$A56))-IF(RTD("tos.rtd",,$A$2,"."&X$43&X$1&"P"&$A56)="N/A",0,RTD("tos.rtd",,$A$2,"."&X$43&X$1&"P"&$A56)) -> 0 | Y56: =SUM(B56:X56) -> 6698
A57: =+Hoja1!A56 -> 618 | B57: =IF(RTD("tos.rtd",,$A$2,"."&B$43&B$1&"C"&$A57)="N/A",0,RTD("tos.rtd",,$A$2,"."&B$43&B$1&"C"&$A57))-IF(RTD("tos.rtd",,$A$2,"."&B$43&B$1&"P"&$A57)="N/A",0,RTD("tos.rtd",,$A$2,"."&B$43&B$1&"P"&$A57)) -> 10390 | C57: =IF(RTD("tos.rtd",,$A$2,"."&C$43&C$1&"C"&$A57)="N/A",0,RTD("tos.rtd",,$A$2,"."&C$43&C$1&"C"&$A57))-IF(RTD("tos.rtd",,$A$2,"."&C$43&C$1&"P"&$A57)="N/A",0,RTD("tos.rtd",,$A$2,"."&C$43&C$1&"P"&$A57)) -> 5773 | D57: =IF(RTD("tos.rtd",,$A$2,"."&D$43&D$1&"C"&$A57)="N/A",0,RTD("tos.rtd",,$A$2,"."&D$43&D$1&"C"&$A57))-IF(RTD("tos.rtd",,$A$2,"."&D$43&D$1&"P"&$A57)="N/A",0,RTD("tos.rtd",,$A$2,"."&D$43&D$1&"P"&$A57)) -> 1119 | E57: =IF(RTD("tos.rtd",,$A$2,"."&E$43&E$1&"C"&$A57)="N/A",0,RTD("tos.rtd",,$A$2,"."&E$43&E$1&"C"&$A57))-IF(RTD("tos.rtd",,$A$2,"."&E$43&E$1&"P"&$A57)="N/A",0,RTD("tos.rtd",,$A$2,"."&E$43&E$1&"P"&$A57)) -> -3 | F57: =IF(RTD("tos.rtd",,$A$2,"."&F$43&F$1&"C"&$A57)="N/A",0,RTD("tos.rtd",,$A$2,"."&F$43&F$1&"C"&$A57))-IF(RTD("tos.rtd",,$A$2,"."&F$43&F$1&"P"&$A57)="N/A",0,RTD("tos.rtd",,$A$2,"."&F$43&F$1&"P"&$A57)) -> 0 | G57: =IF(RTD("tos.rtd",,$A$2,"."&G$43&G$1&"C"&$A57)="N/A",0,RTD("tos.rtd",,$A$2,"."&G$43&G$1&"C"&$A57))-IF(RTD("tos.rtd",,$A$2,"."&G$43&G$1&"P"&$A57)="N/A",0,RTD("tos.rtd",,$A$2,"."&G$43&G$1&"P"&$A57)) -> 0 | H57: =IF(RTD("tos.rtd",,$A$2,"."&H$43&H$1&"C"&$A57)="N/A",0,RTD("tos.rtd",,$A$2,"."&H$43&H$1&"C"&$A57))-IF(RTD("tos.rtd",,$A$2,"."&H$43&H$1&"P"&$A57)="N/A",0,RTD("tos.rtd",,$A$2,"."&H$43&H$1&"P"&$A57)) -> -98 | I57: =IF(RTD("tos.rtd",,$A$2,"."&I$43&I$1&"C"&$A57)="N/A",0,RTD("tos.rtd",,$A$2,"."&I$43&I$1&"C"&$A57))-IF(RTD("tos.rtd",,$A$2,"."&I$43&I$1&"P"&$A57)="N/A",0,RTD("tos.rtd",,$A$2,"."&I$43&I$1&"P"&$A57)) -> 32 | ... X57: =IF(RTD("tos.rtd",,$A$2,"."&X$43&X$1&"C"&$A57)="N/A",0,RTD("tos.rtd",,$A$2,"."&X$43&X$1&"C"&$A57))-IF(RTD("tos.rtd",,$A$2,"."&X$43&X$1&"P"&$A57)="N/A",0,RTD("tos.rtd",,$A$2,"."&X$43&X$1&"P"&$A57)) -> 0 | Y57: =SUM(B57:X57) -> 17423
... A80: =+Hoja1!A79 -> 595 | B80: =IF(RTD("tos.rtd",,$A$2,"."&B$43&B$1&"C"&$A80)="N/A",0,RTD("tos.rtd",,$A$2,"."&B$43&B$1&"C"&$A80))-IF(RTD("tos.rtd",,$A$2,"."&B$43&B$1&"P"&$A80)="N/A",0,RTD("tos.rtd",,$A$2,"."&B$43&B$1&"P"&$A80)) -> -23060 | C80: =IF(RTD("tos.rtd",,$A$2,"."&C$43&C$1&"C"&$A80)="N/A",0,RTD("tos.rtd",,$A$2,"."&C$43&C$1&"C"&$A80))-IF(RTD("tos.rtd",,$A$2,"."&C$43&C$1&"P"&$A80)="N/A",0,RTD("tos.rtd",,$A$2,"."&C$43&C$1&"P"&$A80)) -> -7013 | D80: =IF(RTD("tos.rtd",,$A$2,"."&D$43&D$1&"C"&$A80)="N/A",0,RTD("tos.rtd",,$A$2,"."&D$43&D$1&"C"&$A80))-IF(RTD("tos.rtd",,$A$2,"."&D$43&D$1&"P"&$A80)="N/A",0,RTD("tos.rtd",,$A$2,"."&D$43&D$1&"P"&$A80)) -> -7104 | E80: =IF(RTD("tos.rtd",,$A$2,"."&E$43&E$1&"C"&$A80)="N/A",0,RTD("tos.rtd",,$A$2,"."&E$43&E$1&"C"&$A80))-IF(RTD("tos.rtd",,$A$2,"."&E$43&E$1&"P"&$A80)="N/A",0,RTD("tos.rtd",,$A$2,"."&E$43&E$1&"P"&$A80)) -> -948 | F80: =IF(RTD("tos.rtd",,$A$2,"."&F$43&F$1&"C"&$A80)="N/A",0,RTD("tos.rtd",,$A$2,"."&F$43&F$1&"C"&$A80))-IF(RTD("tos.rtd",,$A$2,"."&F$43&F$1&"P"&$A80)="N/A",0,RTD("tos.rtd",,$A$2,"."&F$43&F$1&"P"&$A80)) -> 0 | G80: =IF(RTD("tos.rtd",,$A$2,"."&G$43&G$1&"C"&$A80)="N/A",0,RTD("tos.rtd",,$A$2,"."&G$43&G$1&"C"&$A80))-IF(RTD("tos.rtd",,$A$2,"."&G$43&G$1&"P"&$A80)="N/A",0,RTD("tos.rtd",,$A$2,"."&G$43&G$1&"P"&$A80)) -> 0 | H80: =IF(RTD("tos.rtd",,$A$2,"."&H$43&H$1&"C"&$A80)="N/A",0,RTD("tos.rtd",,$A$2,"."&H$43&H$1&"C"&$A80))-IF(RTD("tos.rtd",,$A$2,"."&H$43&H$1&"P"&$A80)="N/A",0,RTD("tos.rtd",,$A$2,"."&H$43&H$1&"P"&$A80)) -> -5148 | I80: =IF(RTD("tos.rtd",,$A$2,"."&I$43&I$1&"C"&$A80)="N/A",0,RTD("tos.rtd",,$A$2,"."&I$43&I$1&"C"&$A80))-IF(RTD("tos.rtd",,$A$2,"."&I$43&I$1&"P"&$A80)="N/A",0,RTD("tos.rtd",,$A$2,"."&I$43&I$1&"P"&$A80)) -> -8 | ... X80: =IF(RTD("tos.rtd",,$A$2,"."&X$43&X$1&"C"&$A80)="N/A",0,RTD("tos.rtd",,$A$2,"."&X$43&X$1&"C"&$A80))-IF(RTD("tos.rtd",,$A$2,"."&X$43&X$1&"P"&$A80)="N/A",0,RTD("tos.rtd",,$A$2,"."&X$43&X$1&"P"&$A80)) -> 0 | Y80: =SUM(B80:X80) -> -43687
A81: =+Hoja1!A80 -> 0
A82: =+Hoja1!A81 -> 5 | B82: =+B42 -> 251110 | C82: =+C42 -> 251111 | D82: =+D42 -> 251112 | E82: =+E42 -> 251113 | F82: =+F42 | G82: =+G42 | H82: =+H42 -> 251128 | I82: =+I42 -> 251205 | ... X82: =+X42 -> 261030
A83: =+Hoja1!A82 -> SPX | B83: SPXW | C83: SPXW | D83: SPXW | E83: SPXW | F83: SPXW | G83: SPXW | H83: SPXW | I83: SPXW | J83: SPXW | K83: SPXW | L83: SPXW | M83: SPX | N83: SPXW | O83: SPX | P83: SPXW | Q83: SPX | R83: SPXW | S83: SPX | T83: SPXW | U83: SPX | V83: SPXW | W83: SPX | X83: SPXW
A84: =+Hoja1!A83 -> SPX | B84: =+B44 -> 45971 | C84: =+C44 -> 45972 | D84: =+D44 -> 45973 | E84: =+E44 -> 45974 | F84: =+F44 -> 45975 | G84: =+G44 -> 45982 | H84: =+H44 -> 45989 | I84: =+I44 -> 45996 | ... X84: =+X44 -> 46325
A85: =+Hoja1!A84 -> 6728.8
A86: =+Hoja1!A85 -> 6840 | B86: =IF(RTD("tos.rtd",,$A$2,"."&B$83&B$1&"C"&$A86)="N/A",0,RTD("tos.rtd",,$A$2,"."&B$83&B$1&"C"&$A86))-IF(RTD("tos.rtd",,$A$2,"."&B$83&B$1&"P"&$A86)="N/A",0,RTD("tos.rtd",,$A$2,"."&B$83&B$1&"P"&$A86)) -> 812 | C86: =IF(RTD("tos.rtd",,$A$2,"."&C$83&C$1&"C"&$A86)="N/A",0,RTD("tos.rtd",,$A$2,"."&C$83&C$1&"C"&$A86))-IF(RTD("tos.rtd",,$A$2,"."&C$83&C$1&"P"&$A86)="N/A",0,RTD("tos.rtd",,$A$2,"."&C$83&C$1&"P"&$A86)) -> 383 | D86: =IF(RTD("tos.rtd",,$A$2,"."&D$83&D$1&"C"&$A86)="N/A",0,RTD("tos.rtd",,$A$2,"."&D$83&D$1&"C"&$A86))-IF(RTD("tos.rtd",,$A$2,"."&D$83&D$1&"P"&$A86)="N/A",0,RTD("tos.rtd",,$A$2,"."&D$83&D$1&"P"&$A86)) -> 1110 | E86: =IF(RTD("tos.rtd",,$A$2,"."&E$83&E$1&"C"&$A86)="N/A",0,RTD("tos.rtd",,$A$2,"."&E$83&E$1&"C"&$A86))-IF(RTD("tos.rtd",,$A$2,"."&E$83&E$1&"P"&$A86)="N/A",0,RTD("tos.rtd",,$A$2,"."&E$83&E$1&"P"&$A86)) -> 87 | F86: =IF(RTD("tos.rtd",,$A$2,"."&F$83&F$1&"C"&$A86)="N/A",0,RTD("tos.rtd",,$A$2,"."&F$83&F$1&"C"&$A86))-IF(RTD("tos.rtd",,$A$2,"."&F$83&F$1&"P"&$A86)="N/A",0,RTD("tos.rtd",,$A$2,"."&F$83&F$1&"P"&$A86)) -> 0 | G86: =IF(RTD("tos.rtd",,$A$2,"."&G$83&G$1&"C"&$A86)="N/A",0,RTD("tos.rtd",,$A$2,"."&G$83&G$1&"C"&$A86))-IF(RTD("tos.rtd",,$A$2,"."&G$83&G$1&"P"&$A86)="N/A",0,RTD("tos.rtd",,$A$2,"."&G$83&G$1&"P"&$A86)) -> 0 | H86: =IF(RTD("tos.rtd",,$A$2,"."&H$83&H$1&"C"&$A86)="N/A",0,RTD("tos.rtd",,$A$2,"."&H$83&H$1&"C"&$A86))-IF(RTD("tos.rtd",,$A$2,"."&H$83&H$1&"P"&$A86)="N/A",0,RTD("tos.rtd",,$A$2,"."&H$83&H$1&"P"&$A86)) -> 40 | I86: =IF(RTD("tos.rtd",,$A$2,"."&I$83&I$1&"C"&$A86)="N/A",0,RTD("tos.rtd",,$A$2,"."&I$83&I$1&"C"&$A86))-IF(RTD("tos.rtd",,$A$2,"."&I$83&I$1&"P"&$A86)="N/A",0,RTD("tos.rtd",,$A$2,"."&I$83&I$1&"P"&$A86)) -> 376 | ... X86: =IF(RTD("tos.rtd",,$A$2,"."&X$83&X$1&"C"&$A86)="N/A",0,RTD("tos.rtd",,$A$2,"."&X$83&X$1&"C"&$A86))-IF(RTD("tos.rtd",,$A$2,"."&X$83&X$1&"P"&$A86)="N/A",0,RTD("tos.rtd",,$A$2,"."&X$83&X$1&"P"&$A86)) -> 0 | Y86: =SUM(B86:X86) -> 2816
A87: =+Hoja1!A86 -> 6835 | B87: =IF(RTD("tos.rtd",,$A$2,"."&B$83&B$1&"C"&$A87)="N/A",0,RTD("tos.rtd",,$A$2,"."&B$83&B$1&"C"&$A87))-IF(RTD("tos.rtd",,$A$2,"."&B$83&B$1&"P"&$A87)="N/A",0,RTD("tos.rtd",,$A$2,"."&B$83&B$1&"P"&$A87)) -> 1649 | C87: =IF(RTD("tos.rtd",,$A$2,"."&C$83&C$1&"C"&$A87)="N/A",0,RTD("tos.rtd",,$A$2,"."&C$83&C$1&"C"&$A87))-IF(RTD("tos.rtd",,$A$2,"."&C$83&C$1&"P"&$A87)="N/A",0,RTD("tos.rtd",,$A$2,"."&C$83&C$1&"P"&$A87)) -> 427 | D87: =IF(RTD("tos.rtd",,$A$2,"."&D$83&D$1&"C"&$A87)="N/A",0,RTD("tos.rtd",,$A$2,"."&D$83&D$1&"C"&$A87))-IF(RTD("tos.rtd",,$A$2,"."&D$83&D$1&"P"&$A87)="N/A",0,RTD("tos.rtd",,$A$2,"."&D$83&D$1&"P"&$A87)) -> 311 | E87: =IF(RTD("tos.rtd",,$A$2,"."&E$83&E$1&"C"&$A87)="N/A",0,RTD("tos.rtd",,$A$2,"."&E$83&E$1&"C"&$A87))-IF(RTD("tos.rtd",,$A$2,"."&E$83&E$1&"P"&$A87)="N/A",0,RTD("tos.rtd",,$A$2,"."&E$83&E$1&"P"&$A87)) -> 383 | F87: =IF(RTD("tos.rtd",,$A$2,"."&F$83&F$1&"C"&$A87)="N/A",0,RTD("tos.rtd",,$A$2,"."&F$83&F$1&"C"&$A87))-IF(RTD("tos.rtd",,$A$2,"."&F$83&F$1&"P"&$A87)="N/A",0,RTD("tos.rtd",,$A$2,"."&F$83&F$1&"P"&$A87)) -> 0 | G87: =IF(RTD("tos.rtd",,$A$2,"."&G$83&G$1&"C"&$A87)="N/A",0,RTD("tos.rtd",,$A$2,"."&G$83&G$1&"C"&$A87))-IF(RTD("tos.rtd",,$A$2,"."&G$83&G$1&"P"&$A87)="N/A",0,RTD("tos.rtd",,$A$2,"."&G$83&G$1&"P"&$A87)) -> 0 | H87: =IF(RTD("tos.rtd",,$A$2,"."&H$83&H$1&"C"&$A87)="N/A",0,RTD("tos.rtd",,$A$2,"."&H$83&H$1&"C"&$A87))-IF(RTD("tos.rtd",,$A$2,"."&H$83&H$1&"P"&$A87)="N/A",0,RTD("tos.rtd",,$A$2,"."&H$83&H$1&"P"&$A87)) -> 53 | I87: =IF(RTD("tos.rtd",,$A$2,"."&I$83&I$1&"C"&$A87)="N/A",0,RTD("tos.rtd",,$A$2,"."&I$83&I$1&"C"&$A87))-IF(RTD("tos.rtd",,$A$2,"."&I$83&I$1&"P"&$A87)="N/A",0,RTD("tos.rtd",,$A$2,"."&I$83&I$1&"P"&$A87)) -> 28 | ... X87: =IF(RTD("tos.rtd",,$A$2,"."&X$83&X$1&"C"&$A87)="N/A",0,RTD("tos.rtd",,$A$2,"."&X$83&X$1&"C"&$A87))-IF(RTD("tos.rtd",,$A$2,"."&X$83&X$1&"P"&$A87)="N/A",0,RTD("tos.rtd",,$A$2,"."&X$83&X$1&"P"&$A87)) -> 0 | Y87: =SUM(B87:X87) -> 2855
A88: =+Hoja1!A87 -> 6830 | B88: =IF(RTD("tos.rtd",,$A$2,"."&B$83&B$1&"C"&$A88)="N/A",0,RTD("tos.rtd",,$A$2,"."&B$83&B$1&"C"&$A88))-IF(RTD("tos.rtd",,$A$2,"."&B$83&B$1&"P"&$A88)="N/A",0,RTD("tos.rtd",,$A$2,"."&B$83&B$1&"P"&$A88)) -> 2927 | C88: =IF(RTD("tos.rtd",,$A$2,"."&C$83&C$1&"C"&$A88)="N/A",0,RTD("tos.rtd",,$A$2,"."&C$83&C$1&"C"&$A88))-IF(RTD("tos.rtd",,$A$2,"."&C$83&C$1&"P"&$A88)="N/A",0,RTD("tos.rtd",,$A$2,"."&C$83&C$1&"P"&$A88)) -> 283 | D88: =IF(RTD("tos.rtd",,$A$2,"."&D$83&D$1&"C"&$A88)="N/A",0,RTD("tos.rtd",,$A$2,"."&D$83&D$1&"C"&$A88))-IF(RTD("tos.rtd",,$A$2,"."&D$83&D$1&"P"&$A88)="N/A",0,RTD("tos.rtd",,$A$2,"."&D$83&D$1&"P"&$A88)) -> 601 | E88: =IF(RTD("tos.rtd",,$A$2,"."&E$83&E$1&"C"&$A88)="N/A",0,RTD("tos.rtd",,$A$2,"."&E$83&E$1&"C"&$A88))-IF(RTD("tos.rtd",,$A$2,"."&E$83&E$1&"P"&$A88)="N/A",0,RTD("tos.rtd",,$A$2,"."&E$83&E$1&"P"&$A88)) -> 911 | F88: =IF(RTD("tos.rtd",,$A$2,"."&F$83&F$1&"C"&$A88)="N/A",0,RTD("tos.rtd",,$A$2,"."&F$83&F$1&"C"&$A88))-IF(RTD("tos.rtd",,$A$2,"."&F$83&F$1&"P"&$A88)="N/A",0,RTD("tos.rtd",,$A$2,"."&F$83&F$1&"P"&$A88)) -> 0 | G88: =IF(RTD("tos.rtd",,$A$2,"."&G$83&G$1&"C"&$A88)="N/A",0,RTD("tos.rtd",,$A$2,"."&G$83&G$1&"C"&$A88))-IF(RTD("tos.rtd",,$A$2,"."&G$83&G$1&"P"&$A88)="N/A",0,RTD("tos.rtd",,$A$2,"."&G$83&G$1&"P"&$A88)) -> 0 | H88: =IF(RTD("tos.rtd",,$A$2,"."&H$83&H$1&"C"&$A88)="N/A",0,RTD("tos.rtd",,$A$2,"."&H$83&H$1&"C"&$A88))-IF(RTD("tos.rtd",,$A$2,"."&H$83&H$1&"P"&$A88)="N/A",0,RTD("tos.rtd",,$A$2,"."&H$83&H$1&"P"&$A88)) -> 168 | I88: =IF(RTD("tos.rtd",,$A$2,"."&I$83&I$1&"C"&$A88)="N/A",0,RTD("tos.rtd",,$A$2,"."&I$83&I$1&"C"&$A88))-IF(RTD("tos.rtd",,$A$2,"."&I$83&I$1&"P"&$A88)="N/A",0,RTD("tos.rtd",,$A$2,"."&I$83&I$1&"P"&$A88)) -> 34 | ... X88: =IF(RTD("tos.rtd",,$A$2,"."&X$83&X$1&"C"&$A88)="N/A",0,RTD("tos.rtd",,$A$2,"."&X$83&X$1&"C"&$A88))-IF(RTD("tos.rtd",,$A$2,"."&X$83&X$1&"P"&$A88)="N/A",0,RTD("tos.rtd",,$A$2,"."&X$83&X$1&"P"&$A88)) -> 0 | Y88: =SUM(B88:X88) -> 5014
A89: =+Hoja1!A88 -> 6825 | B89: =IF(RTD("tos.rtd",,$A$2,"."&B$83&B$1&"C"&$A89)="N/A",0,RTD("tos.rtd",,$A$2,"."&B$83&B$1&"C"&$A89))-IF(RTD("tos.rtd",,$A$2,"."&B$83&B$1&"P"&$A89)="N/A",0,RTD("tos.rtd",,$A$2,"."&B$83&B$1&"P"&$A89)) -> 3361 | C89: =IF(RTD("tos.rtd",,$A$2,"."&C$83&C$1&"C"&$A89)="N/A",0,RTD("tos.rtd",,$A$2,"."&C$83&C$1&"C"&$A89))-IF(RTD("tos.rtd",,$A$2,"."&C$83&C$1&"P"&$A89)="N/A",0,RTD("tos.rtd",,$A$2,"."&C$83&C$1&"P"&$A89)) -> 890 | D89: =IF(RTD("tos.rtd",,$A$2,"."&D$83&D$1&"C"&$A89)="N/A",0,RTD("tos.rtd",,$A$2,"."&D$83&D$1&"C"&$A89))-IF(RTD("tos.rtd",,$A$2,"."&D$83&D$1&"P"&$A89)="N/A",0,RTD("tos.rtd",,$A$2,"."&D$83&D$1&"P"&$A89)) -> 41 | E89: =IF(RTD("tos.rtd",,$A$2,"."&E$83&E$1&"C"&$A89)="N/A",0,RTD("tos.rtd",,$A$2,"."&E$83&E$1&"C"&$A89))-IF(RTD("tos.rtd",,$A$2,"."&E$83&E$1&"P"&$A89)="N/A",0,RTD("tos.rtd",,$A$2,"."&E$83&E$1&"P"&$A89)) -> -526 | F89: =IF(RTD("tos.rtd",,$A$2,"."&F$83&F$1&"C"&$A89)="N/A",0,RTD("tos.rtd",,$A$2,"."&F$83&F$1&"C"&$A89))-IF(RTD("tos.rtd",,$A$2,"."&F$83&F$1&"P"&$A89)="N/A",0,RTD("tos.rtd",,$A$2,"."&F$83&F$1&"P"&$A89)) -> 0 | G89: =IF(RTD("tos.rtd",,$A$2,"."&G$83&G$1&"C"&$A89)="N/A",0,RTD("tos.rtd",,$A$2,"."&G$83&G$1&"C"&$A89))-IF(RTD("tos.rtd",,$A$2,"."&G$83&G$1&"P"&$A89)="N/A",0,RTD("tos.rtd",,$A$2,"."&G$83&G$1&"P"&$A89)) -> 0 | H89: =IF(RTD("tos.rtd",,$A$2,"."&H$83&H$1&"C"&$A89)="N/A",0,RTD("tos.rtd",,$A$2,"."&H$83&H$1&"C"&$A89))-IF(RTD("tos.rtd",,$A$2,"."&H$83&H$1&"P"&$A89)="N/A",0,RTD("tos.rtd",,$A$2,"."&H$83&H$1&"P"&$A89)) -> 77 | I89: =IF(RTD("tos.rtd",,$A$2,"."&I$83&I$1&"C"&$A89)="N/A",0,RTD("tos.rtd",,$A$2,"."&I$83&I$1&"C"&$A89))-IF(RTD("tos.rtd",,$A$2,"."&I$83&I$1&"P"&$A89)="N/A",0,RTD("tos.rtd",,$A$2,"."&I$83&I$1&"P"&$A89)) -> 252 | ... X89: =IF(RTD("tos.rtd",,$A$2,"."&X$83&X$1&"C"&$A89)="N/A",0,RTD("tos.rtd",,$A$2,"."&X$83&X$1&"C"&$A89))-IF(RTD("tos.rtd",,$A$2,"."&X$83&X$1&"P"&$A89)="N/A",0,RTD("tos.rtd",,$A$2,"."&X$83&X$1&"P"&$A89)) -> 0 | Y89: =SUM(B89:X89) -> 4116
A90: =+Hoja1!A89 -> 6820 | B90: =IF(RTD("tos.rtd",,$A$2,"."&B$83&B$1&"C"&$A90)="N/A",0,RTD("tos.rtd",,$A$2,"."&B$83&B$1&"C"&$A90))-IF(RTD("tos.rtd",,$A$2,"."&B$83&B$1&"P"&$A90)="N/A",0,RTD("tos.rtd",,$A$2,"."&B$83&B$1&"P"&$A90)) -> 3534 | C90: =IF(RTD("tos.rtd",,$A$2,"."&C$83&C$1&"C"&$A90)="N/A",0,RTD("tos.rtd",,$A$2,"."&C$83&C$1&"C"&$A90))-IF(RTD("tos.rtd",,$A$2,"."&C$83&C$1&"P"&$A90)="N/A",0,RTD("tos.rtd",,$A$2,"."&C$83&C$1&"P"&$A90)) -> 617 | D90: =IF(RTD("tos.rtd",,$A$2,"."&D$83&D$1&"C"&$A90)="N/A",0,RTD("tos.rtd",,$A$2,"."&D$83&D$1&"C"&$A90))-IF(RTD("tos.rtd",,$A$2,"."&D$83&D$1&"P"&$A90)="N/A",0,RTD("tos.rtd",,$A$2,"."&D$83&D$1&"P"&$A90)) -> 289 | E90: =IF(RTD("tos.rtd",,$A$2,"."&E$83&E$1&"C"&$A90)="N/A",0,RTD("tos.rtd",,$A$2,"."&E$83&E$1&"C"&$A90))-IF(RTD("tos.rtd",,$A$2,"."&E$83&E$1&"P"&$A90)="N/A",0,RTD("tos.rtd",,$A$2,"."&E$83&E$1&"P"&$A90)) -> 907 | F90: =IF(RTD("tos.rtd",,$A$2,"."&F$83&F$1&"C"&$A90)="N/A",0,RTD("tos.rtd",,$A$2,"."&F$83&F$1&"C"&$A90))-IF(RTD("tos.rtd",,$A$2,"."&F$83&F$1&"P"&$A90)="N/A",0,RTD("tos.rtd",,$A$2,"."&F$83&F$1&"P"&$A90)) -> 0 | G90: =IF(RTD("tos.rtd",,$A$2,"."&G$83&G$1&"C"&$A90)="N/A",0,RTD("tos.rtd",,$A$2,"."&G$83&G$1&"C"&$A90))-IF(RTD("tos.rtd",,$A$2,"."&G$83&G$1&"P"&$A90)="N/A",0,RTD("tos.rtd",,$A$2,"."&G$83&G$1&"P"&$A90)) -> 0 | H90: =IF(RTD("tos.rtd",,$A$2,"."&H$83&H$1&"C"&$A90)="N/A",0,RTD("tos.rtd",,$A$2,"."&H$83&H$1&"C"&$A90))-IF(RTD("tos.rtd",,$A$2,"."&H$83&H$1&"P"&$A90)="N/A",0,RTD("tos.rtd",,$A$2,"."&H$83&H$1&"P"&$A90)) -> 174 | I90: =IF(RTD("tos.rtd",,$A$2,"."&I$83&I$1&"C"&$A90)="N/A",0,RTD("tos.rtd",,$A$2,"."&I$83&I$1&"C"&$A90))-IF(RTD("tos.rtd",,$A$2,"."&I$83&I$1&"P"&$A90)="N/A",0,RTD("tos.rtd",,$A$2,"."&I$83&I$1&"P"&$A90)) -> 26 | ... X90: =IF(RTD("tos.rtd",,$A$2,"."&X$83&X$1&"C"&$A90)="N/A",0,RTD("tos.rtd",,$A$2,"."&X$83&X$1&"C"&$A90))-IF(RTD("tos.rtd",,$A$2,"."&X$83&X$1&"P"&$A90)="N/A",0,RTD("tos.rtd",,$A$2,"."&X$83&X$1&"P"&$A90)) -> 0 | Y90: =SUM(B90:X90) -> 5558
A91: =+Hoja1!A90 -> 6815 | B91: =IF(RTD("tos.rtd",,$A$2,"."&B$83&B$1&"C"&$A91)="N/A",0,RTD("tos.rtd",,$A$2,"."&B$83&B$1&"C"&$A91))-IF(RTD("tos.rtd",,$A$2,"."&B$83&B$1&"P"&$A91)="N/A",0,RTD("tos.rtd",,$A$2,"."&B$83&B$1&"P"&$A91)) -> 4750 | C91: =IF(RTD("tos.rtd",,$A$2,"."&C$83&C$1&"C"&$A91)="N/A",0,RTD("tos.rtd",,$A$2,"."&C$83&C$1&"C"&$A91))-IF(RTD("tos.rtd",,$A$2,"."&C$83&C$1&"P"&$A91)="N/A",0,RTD("tos.rtd",,$A$2,"."&C$83&C$1&"P"&$A91)) -> 232 | D91: =IF(RTD("tos.rtd",,$A$2,"."&D$83&D$1&"C"&$A91)="N/A",0,RTD("tos.rtd",,$A$2,"."&D$83&D$1&"C"&$A91))-IF(RTD("tos.rtd",,$A$2,"."&D$83&D$1&"P"&$A91)="N/A",0,RTD("tos.rtd",,$A$2,"."&D$83&D$1&"P"&$A91)) -> 657 | E91: =IF(RTD("tos.rtd",,$A$2,"."&E$83&E$1&"C"&$A91)="N/A",0,RTD("tos.rtd",,$A$2,"."&E$83&E$1&"C"&$A91))-IF(RTD("tos.rtd",,$A$2,"."&E$83&E$1&"P"&$A91)="N/A",0,RTD("tos.rtd",,$A$2,"."&E$83&E$1&"P"&$A91)) -> -36 | F91: =IF(RTD("tos.rtd",,$A$2,"."&F$83&F$1&"C"&$A91)="N/A",0,RTD("tos.rtd",,$A$2,"."&F$83&F$1&"C"&$A91))-IF(RTD("tos.rtd",,$A$2,"."&F$83&F$1&"P"&$A91)="N/A",0,RTD("tos.rtd",,$A$2,"."&F$83&F$1&"P"&$A91)) -> 0 | G91: =IF(RTD("tos.rtd",,$A$2,"."&G$83&G$1&"C"&$A91)="N/A",0,RTD("tos.rtd",,$A$2,"."&G$83&G$1&"C"&$A91))-IF(RTD("tos.rtd",,$A$2,"."&G$83&G$1&"P"&$A91)="N/A",0,RTD("tos.rtd",,$A$2,"."&G$83&G$1&"P"&$A91)) -> 0 | H91: =IF(RTD("tos.rtd",,$A$2,"."&H$83&H$1&"C"&$A91)="N/A",0,RTD("tos.rtd",,$A$2,"."&H$83&H$1&"C"&$A91))-IF(RTD("tos.rtd",,$A$2,"."&H$83&H$1&"P"&$A91)="N/A",0,RTD("tos.rtd",,$A$2,"."&H$83&H$1&"P"&$A91)) -> 401 | I91: =IF(RTD("tos.rtd",,$A$2,"."&I$83&I$1&"C"&$A91)="N/A",0,RTD("tos.rtd",,$A$2,"."&I$83&I$1&"C"&$A91))-IF(RTD("tos.rtd",,$A$2,"."&I$83&I$1&"P"&$A91)="N/A",0,RTD("tos.rtd",,$A$2,"."&I$83&I$1&"P"&$A91)) -> 67 | ... X91: =IF(RTD("tos.rtd",,$A$2,"."&X$83&X$1&"C"&$A91)="N/A",0,RTD("tos.rtd",,$A$2,"."&X$83&X$1&"C"&$A91))-IF(RTD("tos.rtd",,$A$2,"."&X$83&X$1&"P"&$A91)="N/A",0,RTD("tos.rtd",,$A$2,"."&X$83&X$1&"P"&$A91)) -> 0 | Y91: =SUM(B91:X91) -> 6074
A92: =+Hoja1!A91 -> 6810 | B92: =IF(RTD("tos.rtd",,$A$2,"."&B$83&B$1&"C"&$A92)="N/A",0,RTD("tos.rtd",,$A$2,"."&B$83&B$1&"C"&$A92))-IF(RTD("tos.rtd",,$A$2,"."&B$83&B$1&"P"&$A92)="N/A",0,RTD("tos.rtd",,$A$2,"."&B$83&B$1&"P"&$A92)) -> 2053 | C92: =IF(RTD("tos.rtd",,$A$2,"."&C$83&C$1&"C"&$A92)="N/A",0,RTD("tos.rtd",,$A$2,"."&C$83&C$1&"C"&$A92))-IF(RTD("tos.rtd",,$A$2,"."&C$83&C$1&"P"&$A92)="N/A",0,RTD("tos.rtd",,$A$2,"."&C$83&C$1&"P"&$A92)) -> 606 | D92: =IF(RTD("tos.rtd",,$A$2,"."&D$83&D$1&"C"&$A92)="N/A",0,RTD("tos.rtd",,$A$2,"."&D$83&D$1&"C"&$A92))-IF(RTD("tos.rtd",,$A$2,"."&D$83&D$1&"P"&$A92)="N/A",0,RTD("tos.rtd",,$A$2,"."&D$83&D$1&"P"&$A92)) -> 440 | E92: =IF(RTD("tos.rtd",,$A$2,"."&E$83&E$1&"C"&$A92)="N/A",0,RTD("tos.rtd",,$A$2,"."&E$83&E$1&"C"&$A92))-IF(RTD("tos.rtd",,$A$2,"."&E$83&E$1&"P"&$A92)="N/A",0,RTD("tos.rtd",,$A$2,"."&E$83&E$1&"P"&$A92)) -> 327 | F92: =IF(RTD("tos.rtd",,$A$2,"."&F$83&F$1&"C"&$A92)="N/A",0,RTD("tos.rtd",,$A$2,"."&F$83&F$1&"C"&$A92))-IF(RTD("tos.rtd",,$A$2,"."&F$83&F$1&"P"&$A92)="N/A",0,RTD("tos.rtd",,$A$2,"."&F$83&F$1&"P"&$A92)) -> 0 | G92: =IF(RTD("tos.rtd",,$A$2,"."&G$83&G$1&"C"&$A92)="N/A",0,RTD("tos.rtd",,$A$2,"."&G$83&G$1&"C"&$A92))-IF(RTD("tos.rtd",,$A$2,"."&G$83&G$1&"P"&$A92)="N/A",0,RTD("tos.rtd",,$A$2,"."&G$83&G$1&"P"&$A92)) -> 0 | H92: =IF(RTD("tos.rtd",,$A$2,"."&H$83&H$1&"C"&$A92)="N/A",0,RTD("tos.rtd",,$A$2,"."&H$83&H$1&"C"&$A92))-IF(RTD("tos.rtd",,$A$2,"."&H$83&H$1&"P"&$A92)="N/A",0,RTD("tos.rtd",,$A$2,"."&H$83&H$1&"P"&$A92)) -> 159 | I92: =IF(RTD("tos.rtd",,$A$2,"."&I$83&I$1&"C"&$A92)="N/A",0,RTD("tos.rtd",,$A$2,"."&I$83&I$1&"C"&$A92))-IF(RTD("tos.rtd",,$A$2,"."&I$83&I$1&"P"&$A92)="N/A",0,RTD("tos.rtd",,$A$2,"."&I$83&I$1&"P"&$A92)) -> 32 | ... X92: =IF(RTD("tos.rtd",,$A$2,"."&X$83&X$1&"C"&$A92)="N/A",0,RTD("tos.rtd",,$A$2,"."&X$83&X$1&"C"&$A92))-IF(RTD("tos.rtd",,$A$2,"."&X$83&X$1&"P"&$A92)="N/A",0,RTD("tos.rtd",,$A$2,"."&X$83&X$1&"P"&$A92)) -> 0 | Y92: =SUM(B92:X92) -> 3615
A93: =+Hoja1!A92 -> 6805 | B93: =IF(RTD("tos.rtd",,$A$2,"."&B$83&B$1&"C"&$A93)="N/A",0,RTD("tos.rtd",,$A$2,"."&B$83&B$1&"C"&$A93))-IF(RTD("tos.rtd",,$A$2,"."&B$83&B$1&"P"&$A93)="N/A",0,RTD("tos.rtd",,$A$2,"."&B$83&B$1&"P"&$A93)) -> 2735 | C93: =IF(RTD("tos.rtd",,$A$2,"."&C$83&C$1&"C"&$A93)="N/A",0,RTD("tos.rtd",,$A$2,"."&C$83&C$1&"C"&$A93))-IF(RTD("tos.rtd",,$A$2,"."&C$83&C$1&"P"&$A93)="N/A",0,RTD("tos.rtd",,$A$2,"."&C$83&C$1&"P"&$A93)) -> 638 | D93: =IF(RTD("tos.rtd",,$A$2,"."&D$83&D$1&"C"&$A93)="N/A",0,RTD("tos.rtd",,$A$2,"."&D$83&D$1&"C"&$A93))-IF(RTD("tos.rtd",,$A$2,"."&D$83&D$1&"P"&$A93)="N/A",0,RTD("tos.rtd",,$A$2,"."&D$83&D$1&"P"&$A93)) -> 1213 | E93: =IF(RTD("tos.rtd",,$A$2,"."&E$83&E$1&"C"&$A93)="N/A",0,RTD("tos.rtd",,$A$2,"."&E$83&E$1&"C"&$A93))-IF(RTD("tos.rtd",,$A$2,"."&E$83&E$1&"P"&$A93)="N/A",0,RTD("tos.rtd",,$A$2,"."&E$83&E$1&"P"&$A93)) -> 39 | F93: =IF(RTD("tos.rtd",,$A$2,"."&F$83&F$1&"C"&$A93)="N/A",0,RTD("tos.rtd",,$A$2,"."&F$83&F$1&"C"&$A93))-IF(RTD("tos.rtd",,$A$2,"."&F$83&F$1&"P"&$A93)="N/A",0,RTD("tos.rtd",,$A$2,"."&F$83&F$1&"P"&$A93)) -> 0 | G93: =IF(RTD("tos.rtd",,$A$2,"."&G$83&G$1&"C"&$A93)="N/A",0,RTD("tos.rtd",,$A$2,"."&G$83&G$1&"C"&$A93))-IF(RTD("tos.rtd",,$A$2,"."&G$83&G$1&"P"&$A93)="N/A",0,RTD("tos.rtd",,$A$2,"."&G$83&G$1&"P"&$A93)) -> 0 | H93: =IF(RTD("tos.rtd",,$A$2,"."&H$83&H$1&"C"&$A93)="N/A",0,RTD("tos.rtd",,$A$2,"."&H$83&H$1&"C"&$A93))-IF(RTD("tos.rtd",,$A$2,"."&H$83&H$1&"P"&$A93)="N/A",0,RTD("tos.rtd",,$A$2,"."&H$83&H$1&"P"&$A93)) -> 53 | I93: =IF(RTD("tos.rtd",,$A$2,"."&I$83&I$1&"C"&$A93)="N/A",0,RTD("tos.rtd",,$A$2,"."&I$83&I$1&"C"&$A93))-IF(RTD("tos.rtd",,$A$2,"."&I$83&I$1&"P"&$A93)="N/A",0,RTD("tos.rtd",,$A$2,"."&I$83&I$1&"P"&$A93)) -> 20 | ... X93: =IF(RTD("tos.rtd",,$A$2,"."&X$83&X$1&"C"&$A93)="N/A",0,RTD("tos.rtd",,$A$2,"."&X$83&X$1&"C"&$A93))-IF(RTD("tos.rtd",,$A$2,"."&X$83&X$1&"P"&$A93)="N/A",0,RTD("tos.rtd",,$A$2,"."&X$83&X$1&"P"&$A93)) -> 0 | Y93: =SUM(B93:X93) -> 4705
